prior,trial,true_cell,detected,n_missions,cost_used,final_p_true,final_entropy
P1_linear_nowit_informative,0,875,False,10,224.0,0.0002821696080177116,7.3662263348684025
P1_linear_nowit_informative,1,618,False,10,224.0,0.0003205682679875689,7.3662263348684025
P1_linear_nowit_informative,2,1005,True,2,210.0,0.0006444030007178605,7.359705524655107
P1_linear_nowit_informative,3,812,False,10,224.0,0.0003965319359200395,7.3662263348684025
P1_linear_nowit_informative,4,142,False,10,224.0,0.0009105654323290324,7.3662263348684025
P1_linear_nowit_informative,5,1501,True,1,105.0,0.0014056736212873639,7.341158038639278
P1_linear_nowit_informative,6,863,False,10,224.0,0.00037861750910507243,7.3662263348684025
P1_linear_nowit_informative,7,908,False,10,224.0,0.0005190665107244392,7.3662263348684025
P1_linear_nowit_informative,8,251,False,10,224.0,0.0005359077720575403,7.3662263348684025
P1_linear_nowit_informative,9,656,False,10,224.0,0.0006016843861447985,7.3662263348684025
P1_linear_nowit_informative,10,569,False,10,224.0,0.0003194000588998813,7.3662263348684025
P1_linear_nowit_informative,11,1154,False,10,224.0,0.00038828137071609506,7.3662263348684025
P1_linear_nowit_informative,12,764,False,10,224.0,0.00035901450273449135,7.3662263348684025
P1_linear_nowit_informative,13,955,False,10,224.0,0.00032593112570506914,7.3662263348684025
P1_linear_nowit_informative,14,620,False,10,224.0,0.00030577949522817574,7.3662263348684025
P1_linear_nowit_informative,15,428,False,10,224.0,0.0003387365656873539,7.3662263348684025
P1_linear_nowit_informative,16,712,False,10,224.0,0.0003982471427333515,7.3662263348684025
P1_linear_nowit_informative,17,76,False,10,224.0,0.0005102363367429204,7.3662263348684025
P1_linear_nowit_informative,18,957,False,10,224.0,0.0005685610121785857,7.3662263348684025
P1_linear_nowit_informative,19,762,False,10,224.0,0.0003963409396058912,7.3662263348684025
P1_linear_nowit_informative,20,862,False,10,224.0,0.000398797389863494,7.3662263348684025
P1_linear_nowit_informative,21,566,False,10,224.0,0.00034918026665137897,7.3662263348684025
P1_linear_nowit_informative,22,1417,False,10,224.0,0.0004738371331290641,7.3662263348684025
P1_linear_nowit_informative,23,1061,False,10,224.0,0.00045441572887437254,7.3662263348684025
P1_linear_nowit_informative,24,904,False,10,224.0,0.0003359413225096369,7.3662263348684025
P1_linear_nowit_informative,25,379,False,10,224.0,0.0003602560522391935,7.3662263348684025
P1_linear_nowit_informative,26,661,False,10,224.0,0.00042536507818426796,7.3662263348684025
P1_linear_nowit_informative,27,38,False,10,224.0,0.0008140261182905173,7.3662263348684025
P1_linear_nowit_informative,28,315,False,10,224.0,0.00043917745074941263,7.3662263348684025
P1_linear_nowit_informative,29,810,False,10,224.0,0.00044566590244259676,7.3662263348684025
P1_linear_nowit_informative,30,860,False,10,224.0,0.0004483385768348387,7.3662263348684025
P1_linear_nowit_informative,31,1374,False,10,224.0,0.00038998954558202637,7.3662263348684025
P1_linear_nowit_informative,32,560,False,10,224.0,0.0004683344744318613,7.3662263348684025
P1_linear_nowit_informative,33,569,False,10,224.0,0.0003194000588998813,7.3662263348684025
P1_linear_nowit_informative,34,662,False,10,224.0,0.00040230793364057465,7.3662263348684025
P1_linear_nowit_informative,35,372,False,10,224.0,0.0003504997310194827,7.3662263348684025
P1_linear_nowit_informative,36,257,False,10,224.0,0.0007343964927558181,7.3662263348684025
P1_linear_nowit_informative,37,662,False,10,224.0,0.00040230793364057465,7.3662263348684025
P1_linear_nowit_informative,38,426,False,10,224.0,0.000332004450476497,7.3662263348684025
P1_linear_nowit_informative,39,807,False,10,224.0,0.0005493765573047284,7.3662263348684025
P1_linear_nowit_informative,40,618,False,10,224.0,0.0003205682679875689,7.3662263348684025
P1_linear_nowit_informative,41,959,False,10,224.0,0.0004919429564098663,7.3662263348684025
P1_linear_nowit_informative,42,812,False,10,224.0,0.0003965319359200395,7.3662263348684025
P1_linear_nowit_informative,43,520,False,10,224.0,0.0003214026139255583,7.3662263348684025
P1_linear_nowit_informative,44,959,False,10,224.0,0.0004919429564098663,7.3662263348684025
P1_linear_nowit_informative,45,913,False,10,224.0,0.0003826955949676583,7.3662263348684025
P1_linear_nowit_informative,46,610,False,10,224.0,0.0004587059973422949,7.3662263348684025
P1_linear_nowit_informative,47,515,False,10,224.0,0.0003726694255859181,7.3662263348684025
P1_linear_nowit_informative,48,810,False,10,224.0,0.00044566590244259676,7.3662263348684025
P1_linear_nowit_informative,49,273,False,10,224.0,0.0003863035556580728,7.3662263348684025
P1_linear_nowit_informative,50,410,False,10,224.0,0.0005155621290904858,7.3662263348684025
P1_linear_nowit_informative,51,3,True,2,210.0,0.0014035371223503974,7.359705524655107
P1_linear_nowit_informative,52,908,False,10,224.0,0.0005190665107244392,7.3662263348684025
P1_linear_nowit_informative,53,800,False,10,224.0,0.00043468333726598624,7.3662263348684025
P1_linear_nowit_informative,54,813,False,10,224.0,0.0003765215692524782,7.3662263348684025
P1_linear_nowit_informative,55,906,False,10,224.0,0.0006053975576371385,7.3662263348684025
P1_linear_nowit_informative,56,660,False,10,224.0,0.0004517540219483509,7.3662263348684025
P1_linear_nowit_informative,57,714,False,10,224.0,0.0003608519341275996,7.3662263348684025
P1_linear_nowit_informative,58,273,False,10,224.0,0.0003863035556580728,7.3662263348684025
P1_linear_nowit_informative,59,210,False,10,224.0,0.0006355893682763939,7.3662263348684025
P1_linear_nowit_informative,60,806,False,10,224.0,0.0005945672767680832,7.3662263348684025
P1_linear_nowit_informative,61,662,False,10,224.0,0.00040230793364057465,7.3662263348684025
P1_linear_nowit_informative,62,713,False,10,224.0,0.0003782650683214125,7.3662263348684025
P1_linear_nowit_informative,63,864,False,10,224.0,0.00036102383168528686,7.3662263348684025
P1_linear_nowit_informative,64,762,False,10,224.0,0.0003963409396058912,7.3662263348684025
P1_linear_nowit_informative,65,712,False,10,224.0,0.0003982471427333515,7.3662263348684025
P1_linear_nowit_informative,66,713,False,10,224.0,0.0003782650683214125,7.3662263348684025
P1_linear_nowit_informative,67,518,False,10,224.0,0.00033675638667315667,7.3662263348684025
P1_linear_nowit_informative,68,33,False,10,224.0,0.0006425725095712747,7.3662263348684025
P1_linear_nowit_informative,69,617,False,10,224.0,0.0003302813417621276,7.3662263348684025
P1_linear_nowit_informative,70,418,False,10,224.0,0.0003616768181264486,7.3662263348684025
P1_linear_nowit_informative,71,613,False,10,224.0,0.0003882303240980346,7.3662263348684025
P1_linear_nowit_informative,72,1002,False,10,224.0,0.00039480509956256064,7.3662263348684025
P1_linear_nowit_informative,73,460,False,10,224.0,0.0004964759962229857,7.3662263348684025
P1_linear_nowit_informative,74,59,False,10,224.0,0.0008439624043064041,7.3662263348684025
P1_linear_nowit_informative,75,513,False,10,224.0,0.0004072837953495916,7.3662263348684025
P1_linear_nowit_informative,76,516,False,10,224.0,0.0003587763404501514,7.3662263348684025
P1_linear_nowit_informative,77,770,False,10,224.0,0.0002954985747587959,7.3662263348684025
P1_linear_nowit_informative,78,712,False,10,224.0,0.0003982471427333515,7.3662263348684025
P1_linear_nowit_informative,79,907,False,10,224.0,0.0005592619216264656,7.3662263348684025
P1_linear_nowit_informative,80,789,False,10,224.0,0.0004345398151584868,7.3662263348684025
P1_linear_nowit_informative,81,613,False,10,224.0,0.0003882303240980346,7.3662263348684025
P1_linear_nowit_informative,82,919,False,10,224.0,0.0003062986487672335,7.3662263348684025
P1_linear_nowit_informative,83,327,False,10,224.0,0.00036818460539070336,7.3662263348684025
P1_linear_nowit_informative,84,30,False,10,224.0,0.0005879427139512209,7.3662263348684025
P1_linear_nowit_informative,85,129,False,10,224.0,0.0004901103214619429,7.3662263348684025
P1_linear_nowit_informative,86,821,False,10,224.0,0.0002899903775266845,7.3662263348684025
P1_linear_nowit_informative,87,660,False,10,224.0,0.0004517540219483509,7.3662263348684025
P1_linear_nowit_informative,88,322,False,10,224.0,0.00036848305323516797,7.3662263348684025
P1_linear_nowit_informative,89,665,False,10,224.0,0.0003494094722790492,7.3662263348684025
P1_linear_nowit_informative,90,313,False,10,224.0,0.00047965472693936015,7.3662263348684025
P1_linear_nowit_informative,91,812,False,10,224.0,0.0003965319359200395,7.3662263348684025
P1_linear_nowit_informative,92,624,False,10,224.0,0.0002923328354759318,7.3662263348684025
P1_linear_nowit_informative,93,607,False,10,224.0,0.0005644942125242837,7.3662263348684025
P1_linear_nowit_informative,94,517,False,10,224.0,0.00034686393672804717,7.3662263348684025
P1_linear_nowit_informative,95,762,False,10,224.0,0.0003963409396058912,7.3662263348684025
P1_linear_nowit_informative,96,567,False,10,224.0,0.00033754230011866546,7.3662263348684025
P1_linear_nowit_informative,97,127,False,10,224.0,0.00047595783705878567,7.3662263348684025
P1_linear_nowit_informative,98,219,False,10,224.0,0.0004353840390678904,7.3662263348684025
P1_linear_nowit_informative,99,1320,False,10,224.0,0.0003888245339149173,7.3662263348684025
P1_linear_nowit_informative,100,1104,False,10,224.0,0.00037280031998471744,7.3662263348684025
P1_linear_nowit_informative,101,812,False,10,224.0,0.0003965319359200395,7.3662263348684025
P1_linear_nowit_informative,102,473,False,10,224.0,0.00031964612679568976,7.3662263348684025
P1_linear_nowit_informative,103,1400,False,10,224.0,0.0006302771347939002,7.3662263348684025
P1_linear_nowit_informative,104,904,True,2,210.0,0.0006778563963094945,7.359705524655107
P1_linear_nowit_informative,105,816,False,10,224.0,0.0003308044462052139,7.3662263348684025
P1_linear_nowit_informative,106,655,False,10,224.0,0.00031551549297269846,7.3662263348684025
P1_linear_nowit_informative,107,508,False,10,224.0,0.000549350149514381,7.3662263348684025
P1_linear_nowit_informative,108,152,True,1,105.0,0.0011356426231797776,7.341158038639278
P1_linear_nowit_informative,109,1101,True,1,105.0,0.0009338481738867564,7.341158038639278
P1_linear_nowit_informative,110,659,False,10,224.0,0.0004819535067574499,7.3662263348684025
P1_linear_nowit_informative,111,412,False,10,224.0,0.00045969190859196753,7.3662263348684025
P1_linear_nowit_informative,112,518,False,10,224.0,0.00033675638667315667,7.3662263348684025
P1_linear_nowit_informative,113,715,False,10,224.0,0.00034572455843236236,7.3662263348684025
P1_linear_nowit_informative,114,364,False,10,224.0,0.0004358432924230966,7.3662263348684025
P1_linear_nowit_informative,115,1004,False,10,224.0,0.00035065003617610387,7.3662263348684025
P1_linear_nowit_informative,116,862,False,10,224.0,0.000398797389863494,7.3662263348684025
P1_linear_nowit_informative,117,818,False,10,224.0,0.0003099445304711916,7.3662263348684025
P1_linear_nowit_informative,118,617,False,10,224.0,0.0003302813417621276,7.3662263348684025
P1_linear_nowit_informative,119,762,False,10,224.0,0.0003963409396058912,7.3662263348684025
P1_linear_nowit_informative,120,716,False,10,224.0,0.00033264501288376964,7.3662263348684025
P1_linear_nowit_informative,121,765,False,10,224.0,0.00034391069704462705,7.3662263348684025
P1_linear_nowit_informative,122,121,False,10,224.0,0.00048206097011860917,7.3662263348684025
P1_linear_nowit_informative,123,614,False,10,224.0,0.0003704694323311718,7.3662263348684025
P1_linear_nowit_informative,124,37,False,10,224.0,0.0007694283478609384,7.3662263348684025
P1_linear_nowit_informative,125,664,False,10,224.0,0.00036464212233143636,7.3662263348684025
P1_linear_nowit_informative,126,561,False,10,224.0,0.00044110063921048325,7.3662263348684025
P1_linear_nowit_informative,127,277,False,10,224.0,0.0003893785627211465,7.3662263348684025
P1_linear_nowit_informative,128,174,False,10,224.0,0.00043725680634617675,7.3662263348684025
P1_linear_nowit_informative,129,717,False,10,224.0,0.00032141400399256605,7.3662263348684025
P1_linear_nowit_informative,130,356,False,10,224.0,0.0007152937419957657,7.3662263348684025
P1_linear_nowit_informative,131,1152,True,1,105.0,0.0008726941946279697,7.341158038639278
P1_linear_nowit_informative,132,715,False,10,224.0,0.00034572455843236236,7.3662263348684025
P1_linear_nowit_informative,133,565,False,10,224.0,0.0003627486227164346,7.3662263348684025
P1_linear_nowit_informative,134,718,False,10,224.0,0.000311865480148869,7.3662263348684025
P1_linear_nowit_informative,135,30,False,10,224.0,0.0005879427139512209,7.3662263348684025
P1_linear_nowit_informative,136,1301,True,1,105.0,0.0011057669833577641,7.341158038639278
P1_linear_nowit_informative,137,663,False,10,224.0,0.00038217990940548854,7.3662263348684025
P1_linear_nowit_informative,138,906,False,10,224.0,0.0006053975576371385,7.3662263348684025
P1_linear_nowit_informative,139,115,False,10,224.0,0.0005674998207606749,7.3662263348684025
P1_linear_nowit_informative,140,663,False,10,224.0,0.00038217990940548854,7.3662263348684025
P1_linear_nowit_informative,141,664,False,10,224.0,0.00036464212233143636,7.3662263348684025
P1_linear_nowit_informative,142,1201,False,10,224.0,0.00048092350288187586,7.3662263348684025
P1_linear_nowit_informative,143,714,False,10,224.0,0.0003608519341275996,7.3662263348684025
P1_linear_nowit_informative,144,662,False,10,224.0,0.00040230793364057465,7.3662263348684025
P1_linear_nowit_informative,145,474,False,10,224.0,0.00031816922739886095,7.3662263348684025
P1_linear_nowit_informative,146,562,False,10,224.0,0.0004173083538401285,7.3662263348684025
P1_linear_nowit_informative,147,673,False,10,224.0,0.0002887976193453859,7.3662263348684025
P1_linear_nowit_informative,148,618,False,10,224.0,0.0003205682679875689,7.3662263348684025
P1_linear_nowit_informative,149,29,False,10,224.0,0.0005757310127964645,7.3662263348684025
P1_linear_nowit_informative,150,957,False,10,224.0,0.0005685610121785857,7.3662263348684025
P1_linear_nowit_informative,151,1066,False,10,224.0,0.0003572456603477671,7.3662263348684025
P1_linear_nowit_informative,152,273,False,10,224.0,0.0003863035556580728,7.3662263348684025
P1_linear_nowit_informative,153,712,False,10,224.0,0.0003982471427333515,7.3662263348684025
P1_linear_nowit_informative,154,180,False,10,224.0,0.0004655457354263423,7.3662263348684025
P1_linear_nowit_informative,155,808,False,10,224.0,0.0005100108951233687,7.3662263348684025
P1_linear_nowit_informative,156,513,False,10,224.0,0.0004072837953495916,7.3662263348684025
P1_linear_nowit_informative,157,768,False,10,224.0,0.0003100826888576028,7.3662263348684025
P1_linear_nowit_informative,158,854,False,10,224.0,0.0003357249184578962,7.3662263348684025
P1_linear_nowit_informative,159,866,False,10,224.0,0.00033249631142527814,7.3662263348684025
P1_linear_nowit_informative,160,179,False,10,224.0,0.00045586917714112395,7.3662263348684025
P1_linear_nowit_informative,161,1118,False,10,224.0,0.00034457435195132155,7.3662263348684025
P1_linear_nowit_informative,162,457,False,10,224.0,0.0006103049474419418,7.3662263348684025
P1_linear_nowit_informative,163,35,False,10,224.0,0.0006968815995720168,7.3662263348684025
P1_linear_nowit_informative,164,712,False,10,224.0,0.0003982471427333515,7.3662263348684025
P1_linear_nowit_informative,165,569,False,10,224.0,0.0003194000588998813,7.3662263348684025
P1_linear_nowit_informative,166,958,False,10,224.0,0.0005276481706679337,7.3662263348684025
P1_linear_nowit_informative,167,914,False,10,224.0,0.00036486111792583556,7.3662263348684025
P1_linear_nowit_informative,168,525,False,10,224.0,0.00030743620456223826,7.3662263348684025
P1_linear_nowit_informative,169,1256,False,10,224.0,0.0007526240795066136,7.3662263348684025
P1_linear_nowit_informative,170,515,False,10,224.0,0.0003726694255859181,7.3662263348684025
P1_linear_nowit_informative,171,668,False,10,224.0,0.00031533665316351534,7.3662263348684025
P1_linear_nowit_informative,172,468,False,10,224.0,0.0003480223551239031,7.3662263348684025
P1_linear_nowit_informative,173,1200,True,1,105.0,0.0011218622384817232,7.341158038639278
P1_linear_nowit_informative,174,324,False,10,224.0,0.0003638076148824167,7.3662263348684025
P1_linear_nowit_informative,175,39,False,10,224.0,0.0008651981851407775,7.3662263348684025
P1_linear_nowit_informative,176,617,False,10,224.0,0.0003302813417621276,7.3662263348684025
P1_linear_nowit_informative,177,1701,True,1,105.0,0.0019184482347070068,7.341158038639278
P1_linear_nowit_informative,178,1059,False,10,224.0,0.0005158882588377441,7.3662263348684025
P1_linear_nowit_informative,179,861,False,10,224.0,0.0004219032628969532,7.3662263348684025
P1_linear_nowit_informative,180,1059,False,10,224.0,0.0005158882588377441,7.3662263348684025
P1_linear_nowit_informative,181,1062,False,10,224.0,0.0004293350139764434,7.3662263348684025
P1_linear_nowit_informative,182,670,False,10,224.0,0.00030069662576347905,7.3662263348684025
P1_linear_nowit_informative,183,522,False,10,224.0,0.00031186156108412754,7.3662263348684025
P1_linear_nowit_informative,184,869,False,10,224.0,0.0003032988319935449,7.3662263348684025
P1_linear_nowit_informative,185,769,False,10,224.0,0.00030207707252249294,7.3662263348684025
P1_linear_nowit_informative,186,570,False,10,224.0,0.00031263846087062726,7.3662263348684025
P1_linear_nowit_informative,187,146,False,10,224.0,0.0012934494562084297,7.3662263348684025
P1_linear_nowit_informative,188,860,False,10,224.0,0.0004483385768348387,7.3662263348684025
P1_linear_nowit_informative,189,470,False,10,224.0,0.0003322365083518302,7.3662263348684025
P1_linear_nowit_informative,190,1200,False,10,224.0,0.000520753566481266,7.3662263348684025
P1_linear_nowit_informative,191,464,False,10,224.0,0.0004015744212962673,7.3662263348684025
P1_linear_nowit_informative,192,225,False,10,224.0,0.00040895705716850034,7.3662263348684025
P1_linear_nowit_informative,193,958,False,10,224.0,0.0005276481706679337,7.3662263348684025
P1_linear_nowit_informative,194,314,False,10,224.0,0.0004579818946067134,7.3662263348684025
P1_linear_nowit_informative,195,366,False,10,224.0,0.0004024619018243654,7.3662263348684025
P1_linear_nowit_informative,196,756,False,10,224.0,0.0005937844352509393,7.3662263348684025
P1_linear_nowit_informative,197,1018,False,10,224.0,0.00032589741668172045,7.3662263348684025
P1_linear_nowit_informative,198,404,True,2,210.0,0.0007653474654028559,7.359705524655107
P1_linear_nowit_informative,199,519,False,10,224.0,0.00032830862689052536,7.3662263348684025
P2_linear_wit_informative,0,875,False,10,228.0,0.00019052105339667695,6.877484578371882
P2_linear_wit_informative,1,618,False,10,228.0,0.00015534155490583266,6.877484578371882
P2_linear_wit_informative,2,1005,False,10,228.0,0.0001678133861087943,6.877484578371882
P2_linear_wit_informative,3,812,False,10,228.0,0.00014277746732779917,6.877484578371882
P2_linear_wit_informative,4,142,True,1,70.0,0.0014075269237775528,6.910816000294344
P2_linear_wit_informative,5,1501,False,10,228.0,0.00028355026855791135,6.877484578371882
P2_linear_wit_informative,6,863,False,10,228.0,0.00014315210053526229,6.877484578371882
P2_linear_wit_informative,7,908,False,10,228.0,0.0001513189916382313,6.877484578371882
P2_linear_wit_informative,8,251,False,10,228.0,0.0002533947677226125,6.877484578371882
P2_linear_wit_informative,9,656,False,10,228.0,0.00015870633290844392,6.877484578371882
P2_linear_wit_informative,10,569,False,10,228.0,0.0001625089780845125,6.877484578371882
P2_linear_wit_informative,11,1154,False,10,228.0,0.0001871131924880814,6.877484578371882
P2_linear_wit_informative,12,764,False,10,228.0,0.00014295561776660968,6.877484578371882
P2_linear_wit_informative,13,955,False,10,228.0,0.00016484425151384313,6.877484578371882
P2_linear_wit_informative,14,620,False,10,228.0,0.0001630596087539645,6.877484578371882
P2_linear_wit_informative,15,428,False,10,228.0,0.00026679002226980095,6.877484578371882
P2_linear_wit_informative,16,712,False,10,228.0,0.00014368782395097636,6.877484578371882
P2_linear_wit_informative,17,76,False,10,228.0,0.00037381564452285143,6.877484578371882
P2_linear_wit_informative,18,957,False,10,228.0,0.00015656719288573704,6.877484578371882
P2_linear_wit_informative,19,762,False,10,228.0,0.00014286657941028764,6.877484578371882
P2_linear_wit_informative,20,862,False,10,228.0,0.00014340075272717927,6.877484578371882
P2_linear_wit_informative,21,566,False,10,228.0,0.0001537768987865015,6.877484578371882
P2_linear_wit_informative,22,1417,False,10,228.0,0.00021090399874663642,6.877484578371882
P2_linear_wit_informative,23,1061,False,10,228.0,0.00015384123246345337,6.877484578371882
P2_linear_wit_informative,24,904,False,10,228.0,0.00016781276193497422,6.877484578371882
P2_linear_wit_informative,25,379,False,10,228.0,0.0002986727038426605,6.877484578371882
P2_linear_wit_informative,26,661,False,10,228.0,0.00014603543270857162,6.877484578371882
P2_linear_wit_informative,27,38,False,10,228.0,0.0005645374821851556,6.877484578371882
P2_linear_wit_informative,28,315,False,10,228.0,0.00018553245350096248,6.877484578371882
P2_linear_wit_informative,29,810,False,10,228.0,0.00014489698092591741,6.877484578371882
P2_linear_wit_informative,30,860,False,10,228.0,0.00014553932965425043,6.877484578371882
P2_linear_wit_informative,31,1374,False,10,228.0,0.00024619134964057906,6.877484578371882
P2_linear_wit_informative,32,560,False,10,228.0,0.0001530374831045659,6.877484578371882
P2_linear_wit_informative,33,569,False,10,228.0,0.0001625089780845125,6.877484578371882
P2_linear_wit_informative,34,662,False,10,228.0,0.00014527304956520626,6.877484578371882
P2_linear_wit_informative,35,372,False,10,228.0,0.00020705405786205976,6.877484578371882
P2_linear_wit_informative,36,257,False,10,228.0,0.00020668355882797596,6.877484578371882
P2_linear_wit_informative,37,662,False,10,228.0,0.00014527304956520626,6.877484578371882
P2_linear_wit_informative,38,426,False,10,228.0,0.00023719973160970823,6.877484578371882
P2_linear_wit_informative,39,807,False,10,228.0,0.00015236312121544155,6.877484578371882
P2_linear_wit_informative,40,618,False,10,228.0,0.00015534155490583266,6.877484578371882
P2_linear_wit_informative,41,959,False,10,228.0,0.00015088772087533528,6.877484578371882
P2_linear_wit_informative,42,812,False,10,228.0,0.00014277746732779917,6.877484578371882
P2_linear_wit_informative,43,520,False,10,228.0,0.0001717138266717817,6.877484578371882
P2_linear_wit_informative,44,959,False,10,228.0,0.00015088772087533528,6.877484578371882
P2_linear_wit_informative,45,913,False,10,228.0,0.00014447318497803769,6.877484578371882
P2_linear_wit_informative,46,610,False,10,228.0,0.00014976184954537035,6.877484578371882
P2_linear_wit_informative,47,515,False,10,228.0,0.00015647545740983656,6.877484578371882
P2_linear_wit_informative,48,810,False,10,228.0,0.00014489698092591741,6.877484578371882
P2_linear_wit_informative,49,273,False,10,228.0,0.00024068772998075703,6.877484578371882
P2_linear_wit_informative,50,410,False,10,228.0,0.0001689977167433084,6.877484578371882
P2_linear_wit_informative,51,3,False,10,228.0,0.0003398035992991025,6.877484578371882
P2_linear_wit_informative,52,908,False,10,228.0,0.0001513189916382313,6.877484578371882
P2_linear_wit_informative,53,800,False,10,228.0,0.00019483212890240644,6.877484578371882
P2_linear_wit_informative,54,813,False,10,228.0,0.00014253763458677742,6.877484578371882
P2_linear_wit_informative,55,906,False,10,228.0,0.0001581966610544246,6.877484578371882
P2_linear_wit_informative,56,660,False,10,228.0,0.0001473636551074174,6.877484578371882
P2_linear_wit_informative,57,714,False,10,228.0,0.00014380632800814277,6.877484578371882
P2_linear_wit_informative,58,273,False,10,228.0,0.00024068772998075703,6.877484578371882
P2_linear_wit_informative,59,210,False,10,228.0,0.00020981371631661463,6.877484578371882
P2_linear_wit_informative,60,806,False,10,228.0,0.00015609187022250673,6.877484578371882
P2_linear_wit_informative,61,662,False,10,228.0,0.00014527304956520626,6.877484578371882
P2_linear_wit_informative,62,713,False,10,228.0,0.00014347117611418887,6.877484578371882
P2_linear_wit_informative,63,864,False,10,228.0,0.00014344917739158723,6.877484578371882
P2_linear_wit_informative,64,762,False,10,228.0,0.00014286657941028764,6.877484578371882
P2_linear_wit_informative,65,712,False,10,228.0,0.00014368782395097636,6.877484578371882
P2_linear_wit_informative,66,713,False,10,228.0,0.00014347117611418887,6.877484578371882
P2_linear_wit_informative,67,518,False,10,228.0,0.0001634838834199054,6.877484578371882
P2_linear_wit_informative,68,33,False,10,228.0,0.0006700528306890713,6.877484578371882
P2_linear_wit_informative,69,617,False,10,228.0,0.00015253318108619538,6.877484578371882
P2_linear_wit_informative,70,418,False,10,228.0,0.00017606160756050574,6.877484578371882
P2_linear_wit_informative,71,613,False,10,228.0,0.00014747851718619802,6.877484578371882
P2_linear_wit_informative,72,1002,False,10,228.0,0.00018612429620386555,6.877484578371882
P2_linear_wit_informative,73,460,False,10,228.0,0.00016254864594370888,6.877484578371882
P2_linear_wit_informative,74,59,False,10,228.0,0.00026652000950880365,6.877484578371882
P2_linear_wit_informative,75,513,False,10,228.0,0.0001549786530030521,6.877484578371882
P2_linear_wit_informative,76,516,False,10,228.0,0.0001581530158644984,6.877484578371882
P2_linear_wit_informative,77,770,False,10,228.0,0.00015725438106261116,6.877484578371882
P2_linear_wit_informative,78,712,False,10,228.0,0.00014368782395097636,6.877484578371882
P2_linear_wit_informative,79,907,False,10,228.0,0.00015443659783267617,6.877484578371882
P2_linear_wit_informative,80,789,True,3,210.0,0.0005858768273399616,6.89598639983333
P2_linear_wit_informative,81,613,False,10,228.0,0.00014747851718619802,6.877484578371882
P2_linear_wit_informative,82,919,False,10,228.0,0.0001549754091564324,6.877484578371882
P2_linear_wit_informative,83,327,False,10,228.0,0.00027737561306043115,6.877484578371882
P2_linear_wit_informative,84,30,False,10,228.0,0.0005268972778508562,6.877484578371882
P2_linear_wit_informative,85,129,False,10,228.0,0.00041339567599122057,6.877484578371882
P2_linear_wit_informative,86,821,False,10,228.0,0.00016176145772241987,6.877484578371882
P2_linear_wit_informative,87,660,False,10,228.0,0.0001473636551074174,6.877484578371882
P2_linear_wit_informative,88,322,False,10,228.0,0.00021820861984615388,6.877484578371882
P2_linear_wit_informative,89,665,False,10,228.0,0.0001463490310244534,6.877484578371882
P2_linear_wit_informative,90,313,False,10,228.0,0.00018355402510791574,6.877484578371882
P2_linear_wit_informative,91,812,False,10,228.0,0.00014277746732779917,6.877484578371882
P2_linear_wit_informative,92,624,False,10,228.0,0.00018873609401808453,6.877484578371882
P2_linear_wit_informative,93,607,False,10,228.0,0.00015740420449493012,6.877484578371882
P2_linear_wit_informative,94,517,False,10,228.0,0.00016047841110345957,6.877484578371882
P2_linear_wit_informative,95,762,False,10,228.0,0.00014286657941028764,6.877484578371882
P2_linear_wit_informative,96,567,False,10,228.0,0.00015601392767414146,6.877484578371882
P2_linear_wit_informative,97,127,False,10,228.0,0.00036404594071316336,6.877484578371882
P2_linear_wit_informative,98,219,False,10,228.0,0.00022464132059094854,6.877484578371882
P2_linear_wit_informative,99,1320,False,10,228.0,0.0002026304249726434,6.877484578371882
P2_linear_wit_informative,100,1104,False,10,228.0,0.0001815830606673043,6.877484578371882
P2_linear_wit_informative,101,812,False,10,228.0,0.00014277746732779917,6.877484578371882
P2_linear_wit_informative,102,473,False,10,228.0,0.0001973566777583124,6.877484578371882
P2_linear_wit_informative,103,1400,False,10,228.0,0.0002660988914093823,6.877484578371882
P2_linear_wit_informative,104,904,False,10,228.0,0.00016781276193497422,6.877484578371882
P2_linear_wit_informative,105,816,False,10,228.0,0.0001451235824067868,6.877484578371882
P2_linear_wit_informative,106,655,False,10,228.0,0.0001632061485733395,6.877484578371882
P2_linear_wit_informative,107,508,False,10,228.0,0.00016190527383355712,6.877484578371882
P2_linear_wit_informative,108,152,False,10,228.0,0.00027692298391436836,6.877484578371882
P2_linear_wit_informative,109,1101,False,10,228.0,0.00020318385948187056,6.877484578371882
P2_linear_wit_informative,110,659,False,10,228.0,0.0001492710316024513,6.877484578371882
P2_linear_wit_informative,111,412,False,10,228.0,0.00016678399139603674,6.877484578371882
P2_linear_wit_informative,112,518,False,10,228.0,0.0001634838834199054,6.877484578371882
P2_linear_wit_informative,113,715,False,10,228.0,0.00014470026228310067,6.877484578371882
P2_linear_wit_informative,114,364,False,10,228.0,0.0001749431517287901,6.877484578371882
P2_linear_wit_informative,115,1004,False,10,228.0,0.0001730933455374672,6.877484578371882
P2_linear_wit_informative,116,862,False,10,228.0,0.00014340075272717927,6.877484578371882
P2_linear_wit_informative,117,818,False,10,228.0,0.00014976054585353623,6.877484578371882
P2_linear_wit_informative,118,617,False,10,228.0,0.00015253318108619538,6.877484578371882
P2_linear_wit_informative,119,762,False,10,228.0,0.00014286657941028764,6.877484578371882
P2_linear_wit_informative,120,716,False,10,228.0,0.0001461669518274974,6.877484578371882
P2_linear_wit_informative,121,765,False,10,228.0,0.00014382772151890397,6.877484578371882
P2_linear_wit_informative,122,121,False,10,228.0,0.000276162976313325,6.877484578371882
P2_linear_wit_informative,123,614,False,10,228.0,0.00014785996335089154,6.877484578371882
P2_linear_wit_informative,124,37,True,9,224.0,0.0005027096072636756,6.879736108730419
P2_linear_wit_informative,125,664,False,10,228.0,0.000145426256484765,6.877484578371882
P2_linear_wit_informative,126,561,False,10,228.0,0.00015168795808648706,6.877484578371882
P2_linear_wit_informative,127,277,False,10,228.0,0.0002942042651623645,6.877484578371882
P2_linear_wit_informative,128,174,False,10,228.0,0.00028799548088638983,6.877484578371882
P2_linear_wit_informative,129,717,False,10,228.0,0.00014822777793787145,6.877484578371882
P2_linear_wit_informative,130,356,False,10,228.0,0.00019010380404238847,6.877484578371882
P2_linear_wit_informative,131,1152,False,10,228.0,0.0002008348557301396,6.877484578371882
P2_linear_wit_informative,132,715,False,10,228.0,0.00014470026228310067,6.877484578371882
P2_linear_wit_informative,133,565,False,10,228.0,0.000152168722899822,6.877484578371882
P2_linear_wit_informative,134,718,False,10,228.0,0.00015091211909540515,6.877484578371882
P2_linear_wit_informative,135,30,False,10,228.0,0.0005268972778508562,6.877484578371882
P2_linear_wit_informative,136,1301,False,10,228.0,0.00023324453027050136,6.877484578371882
P2_linear_wit_informative,137,663,False,10,228.0,0.00014506993618796805,6.877484578371882
P2_linear_wit_informative,138,906,False,10,228.0,0.0001581966610544246,6.877484578371882
P2_linear_wit_informative,139,115,False,10,228.0,0.00024262295902955486,6.877484578371882
P2_linear_wit_informative,140,663,False,10,228.0,0.00014506993618796805,6.877484578371882
P2_linear_wit_informative,141,664,False,10,228.0,0.000145426256484765,6.877484578371882
P2_linear_wit_informative,142,1201,False,10,228.0,0.00021609673780506163,6.877484578371882
P2_linear_wit_informative,143,714,False,10,228.0,0.00014380632800814277,6.877484578371882
P2_linear_wit_informative,144,662,False,10,228.0,0.00014527304956520626,6.877484578371882
P2_linear_wit_informative,145,474,False,10,228.0,0.00020608815512946694,6.877484578371882
P2_linear_wit_informative,146,562,False,10,228.0,0.00015092991791909683,6.877484578371882
P2_linear_wit_informative,147,673,False,10,228.0,0.0001776018030954205,6.877484578371882
P2_linear_wit_informative,148,618,False,10,228.0,0.00015534155490583266,6.877484578371882
P2_linear_wit_informative,149,29,False,10,228.0,0.0004910991586027687,6.877484578371882
P2_linear_wit_informative,150,957,False,10,228.0,0.00015656719288573704,6.877484578371882
P2_linear_wit_informative,151,1066,False,10,228.0,0.00015549271679515643,6.877484578371882
P2_linear_wit_informative,152,273,False,10,228.0,0.00024068772998075703,6.877484578371882
P2_linear_wit_informative,153,712,False,10,228.0,0.00014368782395097636,6.877484578371882
P2_linear_wit_informative,154,180,False,10,228.0,0.00041075095331528406,6.877484578371882
P2_linear_wit_informative,155,808,False,10,228.0,0.0001492751840530355,6.877484578371882
P2_linear_wit_informative,156,513,False,10,228.0,0.0001549786530030521,6.877484578371882
P2_linear_wit_informative,157,768,False,10,228.0,0.00014994428977799682,6.877484578371882
P2_linear_wit_informative,158,854,False,10,228.0,0.00016633798827531287,6.877484578371882
P2_linear_wit_informative,159,866,False,10,228.0,0.0001457158539583624,6.877484578371882
P2_linear_wit_informative,160,179,False,10,228.0,0.0003827504008481941,6.877484578371882
P2_linear_wit_informative,161,1118,False,10,228.0,0.0001649510576631312,6.877484578371882
P2_linear_wit_informative,162,457,False,10,228.0,0.00017073711606214906,6.877484578371882
P2_linear_wit_informative,163,35,False,10,228.0,0.0008069857808186716,6.877484578371882
P2_linear_wit_informative,164,712,False,10,228.0,0.00014368782395097636,6.877484578371882
P2_linear_wit_informative,165,569,False,10,228.0,0.0001625089780845125,6.877484578371882
P2_linear_wit_informative,166,958,False,10,228.0,0.00015341992055931827,6.877484578371882
P2_linear_wit_informative,167,914,False,10,228.0,0.00014476718649124355,6.877484578371882
P2_linear_wit_informative,168,525,False,10,228.0,0.00020866715842527203,6.877484578371882
P2_linear_wit_informative,169,1256,False,10,228.0,0.000190211509610152,6.877484578371882
P2_linear_wit_informative,170,515,False,10,228.0,0.00015647545740983656,6.877484578371882
P2_linear_wit_informative,171,668,False,10,228.0,0.00015269584670840565,6.877484578371882
P2_linear_wit_informative,172,468,False,10,228.0,0.00016915971068952893,6.877484578371882
P2_linear_wit_informative,173,1200,False,10,228.0,0.00022570771956645423,6.877484578371882
P2_linear_wit_informative,174,324,False,10,228.0,0.0002371056122842459,6.877484578371882
P2_linear_wit_informative,175,39,True,3,210.0,0.00121099179950042,6.89598639983333
P2_linear_wit_informative,176,617,False,10,228.0,0.00015253318108619538,6.877484578371882
P2_linear_wit_informative,177,1701,False,10,228.0,0.00036468294897381973,6.877484578371882
P2_linear_wit_informative,178,1059,False,10,228.0,0.0001572340197629573,6.877484578371882
P2_linear_wit_informative,179,861,False,10,228.0,0.00014419455172567334,6.877484578371882
P2_linear_wit_informative,180,1059,False,10,228.0,0.0001572340197629573,6.877484578371882
P2_linear_wit_informative,181,1062,False,10,228.0,0.00015301705341251503,6.877484578371882
P2_linear_wit_informative,182,670,False,10,228.0,0.00016023282209817695,6.877484578371882
P2_linear_wit_informative,183,522,False,10,228.0,0.00018331765961685672,6.877484578371882
P2_linear_wit_informative,184,869,False,10,228.0,0.000153618577655976,6.877484578371882
P2_linear_wit_informative,185,769,False,10,228.0,0.00015324763483171396,6.877484578371882
P2_linear_wit_informative,186,570,False,10,228.0,0.00016685882423034335,6.877484578371882
P2_linear_wit_informative,187,146,False,10,228.0,0.0028966883215679542,6.877484578371882
P2_linear_wit_informative,188,860,False,10,228.0,0.00014553932965425043,6.877484578371882
P2_linear_wit_informative,189,470,False,10,228.0,0.00017772927615001595,6.877484578371882
P2_linear_wit_informative,190,1200,False,10,228.0,0.00022570771956645423,6.877484578371882
P2_linear_wit_informative,191,464,False,10,228.0,0.00016072165931775955,6.877484578371882
P2_linear_wit_informative,192,225,False,10,228.0,0.000281474653584055,6.877484578371882
P2_linear_wit_informative,193,958,False,10,228.0,0.00015341992055931827,6.877484578371882
P2_linear_wit_informative,194,314,False,10,228.0,0.00018417987269728897,6.877484578371882
P2_linear_wit_informative,195,366,False,10,228.0,0.00017817137025678899,6.877484578371882
P2_linear_wit_informative,196,756,False,10,228.0,0.0001561682609600142,6.877484578371882
P2_linear_wit_informative,197,1018,False,10,228.0,0.00015668097493166537,6.877484578371882
P2_linear_wit_informative,198,404,False,10,228.0,0.0001930119453262333,6.877484578371882
P2_linear_wit_informative,199,519,False,10,228.0,0.000167211412366054,6.877484578371882
P3_quadratic_nowit_informative,0,875,False,9,227.0,0.0004448441860879416,6.717125235381166
P3_quadratic_nowit_informative,1,618,False,9,227.0,0.003730960892442654,6.717125235381166
P3_quadratic_nowit_informative,2,1005,False,9,227.0,0.0021816176320103727,6.717125235381166
P3_quadratic_nowit_informative,3,812,False,9,227.0,0.0007406070449161625,6.717125235381166
P3_quadratic_nowit_informative,4,142,False,9,227.0,4.034055828477196e-05,6.717125235381166
P3_quadratic_nowit_informative,5,1501,False,9,227.0,0.00022951409964311217,6.717125235381166
P3_quadratic_nowit_informative,6,863,True,3,116.0,0.002323916224313426,6.633458602989014
P3_quadratic_nowit_informative,7,908,True,5,206.0,0.0019035970816200392,6.693463284336811
P3_quadratic_nowit_informative,8,251,False,9,227.0,0.0003313108261177454,6.717125235381166
P3_quadratic_nowit_informative,9,656,True,4,196.0,0.002274629212034011,6.668530267524565
P3_quadratic_nowit_informative,10,569,False,9,227.0,0.003235341288534808,6.717125235381166
P3_quadratic_nowit_informative,11,1154,False,9,227.0,0.0012484201743527365,6.717125235381166
P3_quadratic_nowit_informative,12,764,True,3,116.0,0.004287817406489811,6.633458602989014
P3_quadratic_nowit_informative,13,955,False,9,227.0,0.002401899904977867,6.717125235381166
P3_quadratic_nowit_informative,14,620,False,9,227.0,0.0025843040389087035,6.717125235381166
P3_quadratic_nowit_informative,15,428,False,9,227.0,0.000480867645215664,6.717125235381166
P3_quadratic_nowit_informative,16,712,True,1,16.0,0.004441548077871139,6.580665615539849
P3_quadratic_nowit_informative,17,76,False,9,227.0,0.0005873944138176134,6.717125235381166
P3_quadratic_nowit_informative,18,957,True,5,206.0,0.0029053516544182262,6.693463284336811
P3_quadratic_nowit_informative,19,762,True,1,16.0,0.00431508033038567,6.580665615539849
P3_quadratic_nowit_informative,20,862,True,2,52.0,0.0036543338831271383,6.603184374194394
P3_quadratic_nowit_informative,21,566,True,6,221.0,0.004538432408904216,6.699387684702939
P3_quadratic_nowit_informative,22,1417,False,9,227.0,0.00028327134165389184,6.717125235381166
P3_quadratic_nowit_informative,23,1061,False,9,227.0,0.002114565055291463,6.717125235381166
P3_quadratic_nowit_informative,24,904,False,9,227.0,0.002124288414542343,6.717125235381166
P3_quadratic_nowit_informative,25,379,False,9,227.0,0.0004096543078259029,6.717125235381166
P3_quadratic_nowit_informative,26,661,False,9,227.0,0.0006389694032441748,6.717125235381166
P3_quadratic_nowit_informative,27,38,False,9,227.0,0.00012147417910617276,6.717125235381166
P3_quadratic_nowit_informative,28,315,False,9,227.0,0.0020724454180252763,6.717125235381166
P3_quadratic_nowit_informative,29,810,True,2,52.0,0.0022808115795245497,6.603184374194394
P3_quadratic_nowit_informative,30,860,True,3,116.0,0.0022047047249628996,6.633458602989014
P3_quadratic_nowit_informative,31,1374,False,9,227.0,0.00021009496640992626,6.717125235381166
P3_quadratic_nowit_informative,32,560,True,3,116.0,0.0032843194971630646,6.633458602989014
P3_quadratic_nowit_informative,33,569,False,9,227.0,0.003235341288534808,6.717125235381166
P3_quadratic_nowit_informative,34,662,True,3,116.0,0.0017586405612477624,6.633458602989014
P3_quadratic_nowit_informative,35,372,False,9,227.0,0.0017639968395282907,6.717125235381166
P3_quadratic_nowit_informative,36,257,False,9,227.0,0.0008082595121657789,6.717125235381166
P3_quadratic_nowit_informative,37,662,True,1,16.0,0.0043639979391259295,6.580665615539849
P3_quadratic_nowit_informative,38,426,False,9,227.0,0.0007964462616736292,6.717125235381166
P3_quadratic_nowit_informative,39,807,True,3,116.0,0.0030755569916748548,6.633458602989014
P3_quadratic_nowit_informative,40,618,False,9,227.0,0.003730960892442654,6.717125235381166
P3_quadratic_nowit_informative,41,959,True,5,206.0,0.003243117486265387,6.693463284336811
P3_quadratic_nowit_informative,42,812,True,1,16.0,0.0040041666689597565,6.580665615539849
P3_quadratic_nowit_informative,43,520,False,9,227.0,0.0027346620113015627,6.717125235381166
P3_quadratic_nowit_informative,44,959,True,5,206.0,0.003243117486265387,6.693463284336811
P3_quadratic_nowit_informative,45,913,False,9,227.0,0.002324893531401401,6.717125235381166
P3_quadratic_nowit_informative,46,610,True,2,52.0,0.003564169467573492,6.603184374194394
P3_quadratic_nowit_informative,47,515,True,4,196.0,0.004018705112522525,6.668530267524565
P3_quadratic_nowit_informative,48,810,True,3,116.0,0.0013650645162790493,6.633458602989014
P3_quadratic_nowit_informative,49,273,False,9,227.0,0.0012904453050387962,6.717125235381166
P3_quadratic_nowit_informative,50,410,False,9,227.0,0.0022408523659498683,6.717125235381166
P3_quadratic_nowit_informative,51,3,False,9,227.0,0.00024177970069387861,6.717125235381166
P3_quadratic_nowit_informative,52,908,True,5,206.0,0.0019035970816200392,6.693463284336811
P3_quadratic_nowit_informative,53,800,False,9,227.0,0.0007171981233839834,6.717125235381166
P3_quadratic_nowit_informative,54,813,False,9,227.0,0.0012511172582834866,6.717125235381166
P3_quadratic_nowit_informative,55,906,False,9,227.0,0.0014591068409881263,6.717125235381166
P3_quadratic_nowit_informative,56,660,True,1,16.0,0.00380613561110863,6.580665615539849
P3_quadratic_nowit_informative,57,714,False,9,227.0,0.0023218577672625353,6.717125235381166
P3_quadratic_nowit_informative,58,273,False,9,227.0,0.0012904453050387962,6.717125235381166
P3_quadratic_nowit_informative,59,210,False,9,227.0,0.0008840492522413205,6.717125235381166
P3_quadratic_nowit_informative,60,806,True,4,196.0,0.002784698545798019,6.668530267524565
P3_quadratic_nowit_informative,61,662,False,9,227.0,0.0007799085745659872,6.717125235381166
P3_quadratic_nowit_informative,62,713,True,2,52.0,0.004542569525012158,6.603184374194394
P3_quadratic_nowit_informative,63,864,True,3,116.0,0.0033455821590328,6.633458602989014
P3_quadratic_nowit_informative,64,762,True,3,116.0,0.0017922922934217613,6.633458602989014
P3_quadratic_nowit_informative,65,712,True,1,16.0,0.004441548077871139,6.580665615539849
P3_quadratic_nowit_informative,66,713,True,2,52.0,0.004542569525012158,6.603184374194394
P3_quadratic_nowit_informative,67,518,False,9,227.0,0.0036434063506887125,6.717125235381166
P3_quadratic_nowit_informative,68,33,False,9,227.0,0.00029520833471017053,6.717125235381166
P3_quadratic_nowit_informative,69,617,False,9,227.0,0.00429575052667289,6.717125235381166
P3_quadratic_nowit_informative,70,418,False,9,227.0,0.0030078278480118836,6.717125235381166
P3_quadratic_nowit_informative,71,613,True,3,116.0,0.0028655132951176266,6.633458602989014
P3_quadratic_nowit_informative,72,1002,False,9,227.0,0.0014017969815568378,6.717125235381166
P3_quadratic_nowit_informative,73,460,False,9,227.0,0.0027536206877664883,6.717125235381166
P3_quadratic_nowit_informative,74,59,False,9,227.0,0.00041319826820106366,6.717125235381166
P3_quadratic_nowit_informative,75,513,False,9,227.0,0.0027250841274388394,6.717125235381166
P3_quadratic_nowit_informative,76,516,True,6,221.0,0.004204363037072828,6.699387684702939
P3_quadratic_nowit_informative,77,770,False,9,227.0,0.0019233462631536146,6.717125235381166
P3_quadratic_nowit_informative,78,712,True,2,52.0,0.002782821549125073,6.603184374194394
P3_quadratic_nowit_informative,79,907,True,5,206.0,0.0016786966561206029,6.693463284336811
P3_quadratic_nowit_informative,80,789,False,9,227.0,2.368795624134947e-05,6.717125235381166
P3_quadratic_nowit_informative,81,613,True,3,116.0,0.0028655132951176266,6.633458602989014
P3_quadratic_nowit_informative,82,919,False,9,227.0,0.0015284276601725381,6.717125235381166
P3_quadratic_nowit_informative,83,327,False,9,227.0,0.0007017927824186645,6.717125235381166
P3_quadratic_nowit_informative,84,30,False,9,227.0,0.00041231641256523477,6.717125235381166
P3_quadratic_nowit_informative,85,129,False,9,227.0,0.0005087951097196762,6.717125235381166
P3_quadratic_nowit_informative,86,821,False,9,227.0,0.0013326792916873408,6.717125235381166
P3_quadratic_nowit_informative,87,660,True,1,16.0,0.00380613561110863,6.580665615539849
P3_quadratic_nowit_informative,88,322,False,9,227.0,0.00161271354915057,6.717125235381166
P3_quadratic_nowit_informative,89,665,False,9,227.0,0.003526886505242477,6.717125235381166
P3_quadratic_nowit_informative,90,313,False,9,227.0,0.0018648232858475189,6.717125235381166
P3_quadratic_nowit_informative,91,812,True,2,52.0,0.0025378906818267085,6.603184374194394
P3_quadratic_nowit_informative,92,624,False,9,227.0,0.0009712628092505192,6.717125235381166
P3_quadratic_nowit_informative,93,607,True,4,196.0,0.0012696086903484947,6.668530267524565
P3_quadratic_nowit_informative,94,517,False,9,227.0,0.004020276101313638,6.717125235381166
P3_quadratic_nowit_informative,95,762,True,4,196.0,0.001192001433079046,6.668530267524565
P3_quadratic_nowit_informative,96,567,False,9,227.0,0.004246491661686739,6.717125235381166
P3_quadratic_nowit_informative,97,127,False,9,227.0,0.0006307911970458614,6.717125235381166
P3_quadratic_nowit_informative,98,219,False,9,227.0,0.0013152990609129713,6.717125235381166
P3_quadratic_nowit_informative,99,1320,False,9,227.0,0.00035102368038757734,6.717125235381166
P3_quadratic_nowit_informative,100,1104,False,9,227.0,0.0014972917979535337,6.717125235381166
P3_quadratic_nowit_informative,101,812,True,1,16.0,0.0040041666689597565,6.580665615539849
P3_quadratic_nowit_informative,102,473,False,9,227.0,0.0015297978784433067,6.717125235381166
P3_quadratic_nowit_informative,103,1400,False,9,227.0,0.00039753428556648713,6.717125235381166
P3_quadratic_nowit_informative,104,904,False,9,227.0,0.002124288414542343,6.717125235381166
P3_quadratic_nowit_informative,105,816,False,9,227.0,0.0036067934625984358,6.717125235381166
P3_quadratic_nowit_informative,106,655,False,9,227.0,0.002006836545351366,6.717125235381166
P3_quadratic_nowit_informative,107,508,False,9,227.0,0.001307391900109041,6.717125235381166
P3_quadratic_nowit_informative,108,152,False,9,227.0,0.00031535567870468985,6.717125235381166
P3_quadratic_nowit_informative,109,1101,False,9,227.0,0.0010839765447170522,6.717125235381166
P3_quadratic_nowit_informative,110,659,True,1,16.0,0.0033750666122464253,6.580665615539849
P3_quadratic_nowit_informative,111,412,False,9,227.0,0.002773578124585737,6.717125235381166
P3_quadratic_nowit_informative,112,518,False,9,227.0,0.0036434063506887125,6.717125235381166
P3_quadratic_nowit_informative,113,715,False,9,227.0,0.0034145619018219023,6.717125235381166
P3_quadratic_nowit_informative,114,364,False,9,227.0,0.002529910522955166,6.717125235381166
P3_quadratic_nowit_informative,115,1004,False,9,227.0,0.0019273369769217492,6.717125235381166
P3_quadratic_nowit_informative,116,862,True,2,52.0,0.0036543338831271383,6.603184374194394
P3_quadratic_nowit_informative,117,818,False,9,227.0,0.0025610685022571236,6.717125235381166
P3_quadratic_nowit_informative,118,617,False,9,227.0,0.00429575052667289,6.717125235381166
P3_quadratic_nowit_informative,119,762,True,3,116.0,0.0017922922934217613,6.633458602989014
P3_quadratic_nowit_informative,120,716,False,9,227.0,0.001547859741082762,6.717125235381166
P3_quadratic_nowit_informative,121,765,True,4,196.0,0.004186903871281887,6.668530267524565
P3_quadratic_nowit_informative,122,121,False,9,227.0,0.0007865885842960547,6.717125235381166
P3_quadratic_nowit_informative,123,614,True,3,116.0,0.004535216840531536,6.633458602989014
P3_quadratic_nowit_informative,124,37,False,9,227.0,0.00014836315253574878,6.717125235381166
P3_quadratic_nowit_informative,125,664,True,4,196.0,0.0032551806045917754,6.668530267524565
P3_quadratic_nowit_informative,126,561,True,4,196.0,0.002352251675717919,6.668530267524565
P3_quadratic_nowit_informative,127,277,False,9,227.0,0.000718777038480624,6.717125235381166
P3_quadratic_nowit_informative,128,174,False,9,227.0,0.0008996040031433343,6.717125235381166
P3_quadratic_nowit_informative,129,717,False,9,227.0,0.003891722842033352,6.717125235381166
P3_quadratic_nowit_informative,130,356,False,9,227.0,0.0010124868370011625,6.717125235381166
P3_quadratic_nowit_informative,131,1152,False,9,227.0,0.0010926728962232454,6.717125235381166
P3_quadratic_nowit_informative,132,715,False,9,227.0,0.0034145619018219023,6.717125235381166
P3_quadratic_nowit_informative,133,565,True,4,196.0,0.004427597320925646,6.668530267524565
P3_quadratic_nowit_informative,134,718,False,9,227.0,0.0032801509567923605,6.717125235381166
P3_quadratic_nowit_informative,135,30,False,9,227.0,0.00041231641256523477,6.717125235381166
P3_quadratic_nowit_informative,136,1301,False,9,227.0,0.0006153655488844661,6.717125235381166
P3_quadratic_nowit_informative,137,663,True,2,52.0,0.004545889588557066,6.603184374194394
P3_quadratic_nowit_informative,138,906,True,5,206.0,0.002858601122298144,6.693463284336811
P3_quadratic_nowit_informative,139,115,False,9,227.0,0.0006880663602106445,6.717125235381166
P3_quadratic_nowit_informative,140,663,True,3,116.0,0.003007947121730363,6.633458602989014
P3_quadratic_nowit_informative,141,664,True,4,196.0,0.0032551806045917754,6.668530267524565
P3_quadratic_nowit_informative,142,1201,False,9,227.0,0.0008764210108153941,6.717125235381166
P3_quadratic_nowit_informative,143,714,True,4,196.0,0.0032042468260758006,6.668530267524565
P3_quadratic_nowit_informative,144,662,True,4,196.0,0.0011520765153699764,6.668530267524565
P3_quadratic_nowit_informative,145,474,False,9,227.0,0.0012190909993061892,6.717125235381166
P3_quadratic_nowit_informative,146,562,False,9,227.0,0.0017792923064977087,6.717125235381166
P3_quadratic_nowit_informative,147,673,False,9,227.0,0.0011478310503131967,6.717125235381166
P3_quadratic_nowit_informative,148,618,False,9,227.0,0.003730960892442654,6.717125235381166
P3_quadratic_nowit_informative,149,29,False,9,227.0,0.0004426022705845381,6.717125235381166
P3_quadratic_nowit_informative,150,957,True,5,206.0,0.0029053516544182262,6.693463284336811
P3_quadratic_nowit_informative,151,1066,False,9,227.0,0.0013863806552781523,6.717125235381166
P3_quadratic_nowit_informative,152,273,False,9,227.0,0.0012904453050387962,6.717125235381166
P3_quadratic_nowit_informative,153,712,True,1,16.0,0.004441548077871139,6.580665615539849
P3_quadratic_nowit_informative,154,180,False,9,227.0,0.00043624846462288316,6.717125235381166
P3_quadratic_nowit_informative,155,808,True,2,52.0,0.003363993486802113,6.603184374194394
P3_quadratic_nowit_informative,156,513,False,9,227.0,0.0027250841274388394,6.717125235381166
P3_quadratic_nowit_informative,157,768,False,9,227.0,0.0029342505422915548,6.717125235381166
P3_quadratic_nowit_informative,158,854,False,9,227.0,0.002111461221817896,6.717125235381166
P3_quadratic_nowit_informative,159,866,False,9,227.0,0.0030886012664901683,6.717125235381166
P3_quadratic_nowit_informative,160,179,False,9,227.0,0.0005160073271839795,6.717125235381166
P3_quadratic_nowit_informative,161,1118,False,9,227.0,0.0008753440394241028,6.717125235381166
P3_quadratic_nowit_informative,162,457,False,9,227.0,0.0017184746899118809,6.717125235381166
P3_quadratic_nowit_informative,163,35,False,9,227.0,0.0002152277292876854,6.717125235381166
P3_quadratic_nowit_informative,164,712,True,1,16.0,0.004441548077871139,6.580665615539849
P3_quadratic_nowit_informative,165,569,False,9,227.0,0.003235341288534808,6.717125235381166
P3_quadratic_nowit_informative,166,958,False,9,227.0,0.0017278118922957719,6.717125235381166
P3_quadratic_nowit_informative,167,914,False,9,227.0,0.0021786954997261173,6.717125235381166
P3_quadratic_nowit_informative,168,525,False,9,227.0,0.0008886537009152349,6.717125235381166
P3_quadratic_nowit_informative,169,1256,False,9,227.0,0.0007819792104230925,6.717125235381166
P3_quadratic_nowit_informative,170,515,False,9,227.0,0.003023810846398602,6.717125235381166
P3_quadratic_nowit_informative,171,668,False,9,227.0,0.003559227861374817,6.717125235381166
P3_quadratic_nowit_informative,172,468,False,9,227.0,0.003380746856716978,6.717125235381166
P3_quadratic_nowit_informative,173,1200,False,9,227.0,0.0008071219062790388,6.717125235381166
P3_quadratic_nowit_informative,174,324,False,9,227.0,0.0012280528620615884,6.717125235381166
P3_quadratic_nowit_informative,175,39,False,9,227.0,9.893937600918231e-05,6.717125235381166
P3_quadratic_nowit_informative,176,617,False,9,227.0,0.00429575052667289,6.717125235381166
P3_quadratic_nowit_informative,177,1701,False,9,227.0,8.065889379043529e-05,6.717125235381166
P3_quadratic_nowit_informative,178,1059,False,9,227.0,0.0022200899712948733,6.717125235381166
P3_quadratic_nowit_informative,179,861,True,2,52.0,0.003726840409741729,6.603184374194394
P3_quadratic_nowit_informative,180,1059,False,9,227.0,0.0022200899712948733,6.717125235381166
P3_quadratic_nowit_informative,181,1062,False,9,227.0,0.002007015871045365,6.717125235381166
P3_quadratic_nowit_informative,182,670,False,9,227.0,0.0023969502213636177,6.717125235381166
P3_quadratic_nowit_informative,183,522,False,9,227.0,0.001846976433627517,6.717125235381166
P3_quadratic_nowit_informative,184,869,False,9,227.0,0.0017974123756223563,6.717125235381166
P3_quadratic_nowit_informative,185,769,False,9,227.0,0.0023981494591621727,6.717125235381166
P3_quadratic_nowit_informative,186,570,False,9,227.0,0.002704353028141287,6.717125235381166
P3_quadratic_nowit_informative,187,146,False,9,227.0,1.936240135730116e-05,6.717125235381166
P3_quadratic_nowit_informative,188,860,True,3,116.0,0.0022047047249628996,6.633458602989014
P3_quadratic_nowit_informative,189,470,False,9,227.0,0.0026629805256632496,6.717125235381166
P3_quadratic_nowit_informative,190,1200,False,9,227.0,0.0008071219062790388,6.717125235381166
P3_quadratic_nowit_informative,191,464,True,7,225.0,0.003788732121689258,6.712269593589154
P3_quadratic_nowit_informative,192,225,False,9,227.0,0.0009331303258055208,6.717125235381166
P3_quadratic_nowit_informative,193,958,False,9,227.0,0.0017278118922957719,6.717125235381166
P3_quadratic_nowit_informative,194,314,False,9,227.0,0.001982101886335209,6.717125235381166
P3_quadratic_nowit_informative,195,366,False,9,227.0,0.0026713226011924264,6.717125235381166
P3_quadratic_nowit_informative,196,756,False,9,227.0,0.0014886512683257276,6.717125235381166
P3_quadratic_nowit_informative,197,1018,False,9,227.0,0.001282548899134701,6.717125235381166
P3_quadratic_nowit_informative,198,404,False,9,227.0,0.0008211693374880226,6.717125235381166
P3_quadratic_nowit_informative,199,519,False,9,227.0,0.0032023532830589498,6.717125235381166
P4_quadratic_wit_informative,0,875,False,9,227.0,0.0004448441860879416,6.717125235381166
P4_quadratic_wit_informative,1,618,False,9,227.0,0.003730960892442654,6.717125235381166
P4_quadratic_wit_informative,2,1005,False,9,227.0,0.0021816176320103727,6.717125235381166
P4_quadratic_wit_informative,3,812,True,3,116.0,0.001641583438850867,6.633458602989014
P4_quadratic_wit_informative,4,142,False,9,227.0,4.034055828477196e-05,6.717125235381166
P4_quadratic_wit_informative,5,1501,False,9,227.0,0.00022951409964311217,6.717125235381166
P4_quadratic_wit_informative,6,863,False,9,227.0,0.0011252153020648724,6.717125235381166
P4_quadratic_wit_informative,7,908,True,3,116.0,0.0030969725610563016,6.633458602989014
P4_quadratic_wit_informative,8,251,False,9,227.0,0.0003313108261177454,6.717125235381166
P4_quadratic_wit_informative,9,656,True,4,196.0,0.002274629212034011,6.668530267524565
P4_quadratic_wit_informative,10,569,False,9,227.0,0.003235341288534808,6.717125235381166
P4_quadratic_wit_informative,11,1154,False,9,227.0,0.0012484201743527365,6.717125235381166
P4_quadratic_wit_informative,12,764,True,3,116.0,0.004287817406489811,6.633458602989014
P4_quadratic_wit_informative,13,955,False,9,227.0,0.002401899904977867,6.717125235381166
P4_quadratic_wit_informative,14,620,False,9,227.0,0.0025843040389087035,6.717125235381166
P4_quadratic_wit_informative,15,428,False,9,227.0,0.000480867645215664,6.717125235381166
P4_quadratic_wit_informative,16,712,True,2,52.0,0.002782821549125073,6.603184374194394
P4_quadratic_wit_informative,17,76,False,9,227.0,0.0005873944138176134,6.717125235381166
P4_quadratic_wit_informative,18,957,True,5,206.0,0.0029053516544182262,6.693463284336811
P4_quadratic_wit_informative,19,762,True,2,52.0,0.0027528605886866808,6.603184374194394
P4_quadratic_wit_informative,20,862,True,2,52.0,0.0036543338831271383,6.603184374194394
P4_quadratic_wit_informative,21,566,True,6,221.0,0.004538432408904216,6.699387684702939
P4_quadratic_wit_informative,22,1417,False,9,227.0,0.00028327134165389184,6.717125235381166
P4_quadratic_wit_informative,23,1061,False,9,227.0,0.002114565055291463,6.717125235381166
P4_quadratic_wit_informative,24,904,False,9,227.0,0.002124288414542343,6.717125235381166
P4_quadratic_wit_informative,25,379,False,9,227.0,0.0004096543078259029,6.717125235381166
P4_quadratic_wit_informative,26,661,False,9,227.0,0.0006389694032441748,6.717125235381166
P4_quadratic_wit_informative,27,38,False,9,227.0,0.00012147417910617276,6.717125235381166
P4_quadratic_wit_informative,28,315,False,9,227.0,0.0020724454180252763,6.717125235381166
P4_quadratic_wit_informative,29,810,True,1,16.0,0.0038891520857546502,6.580665615539849
P4_quadratic_wit_informative,30,860,True,3,116.0,0.0022047047249628996,6.633458602989014
P4_quadratic_wit_informative,31,1374,False,9,227.0,0.00021009496640992626,6.717125235381166
P4_quadratic_wit_informative,32,560,True,3,116.0,0.0032843194971630646,6.633458602989014
P4_quadratic_wit_informative,33,569,False,9,227.0,0.003235341288534808,6.717125235381166
P4_quadratic_wit_informative,34,662,True,1,16.0,0.0043639979391259295,6.580665615539849
P4_quadratic_wit_informative,35,372,False,9,227.0,0.0017639968395282907,6.717125235381166
P4_quadratic_wit_informative,36,257,False,9,227.0,0.0008082595121657789,6.717125235381166
P4_quadratic_wit_informative,37,662,True,3,116.0,0.0017586405612477624,6.633458602989014
P4_quadratic_wit_informative,38,426,False,9,227.0,0.0007964462616736292,6.717125235381166
P4_quadratic_wit_informative,39,807,True,3,116.0,0.0030755569916748548,6.633458602989014
P4_quadratic_wit_informative,40,618,False,9,227.0,0.003730960892442654,6.717125235381166
P4_quadratic_wit_informative,41,959,False,9,227.0,0.0018593940663537219,6.717125235381166
P4_quadratic_wit_informative,42,812,True,1,16.0,0.0040041666689597565,6.580665615539849
P4_quadratic_wit_informative,43,520,False,9,227.0,0.0027346620113015627,6.717125235381166
P4_quadratic_wit_informative,44,959,False,9,227.0,0.0018593940663537219,6.717125235381166
P4_quadratic_wit_informative,45,913,True,3,116.0,0.0030725959938704486,6.633458602989014
P4_quadratic_wit_informative,46,610,True,3,116.0,0.00214499681277847,6.633458602989014
P4_quadratic_wit_informative,47,515,True,4,196.0,0.004018705112522525,6.668530267524565
P4_quadratic_wit_informative,48,810,True,1,16.0,0.0038891520857546502,6.580665615539849
P4_quadratic_wit_informative,49,273,False,9,227.0,0.0012904453050387962,6.717125235381166
P4_quadratic_wit_informative,50,410,False,9,227.0,0.0022408523659498683,6.717125235381166
P4_quadratic_wit_informative,51,3,False,9,227.0,0.00024177970069387861,6.717125235381166
P4_quadratic_wit_informative,52,908,True,3,116.0,0.0030969725610563016,6.633458602989014
P4_quadratic_wit_informative,53,800,False,9,227.0,0.0007171981233839834,6.717125235381166
P4_quadratic_wit_informative,54,813,True,3,116.0,0.0026290760147452004,6.633458602989014
P4_quadratic_wit_informative,55,906,True,5,206.0,0.002858601122298144,6.693463284336811
P4_quadratic_wit_informative,56,660,True,2,52.0,0.0022264782895994686,6.603184374194394
P4_quadratic_wit_informative,57,714,False,9,227.0,0.0023218577672625353,6.717125235381166
P4_quadratic_wit_informative,58,273,False,9,227.0,0.0012904453050387962,6.717125235381166
P4_quadratic_wit_informative,59,210,False,9,227.0,0.0008840492522413205,6.717125235381166
P4_quadratic_wit_informative,60,806,True,4,196.0,0.002784698545798019,6.668530267524565
P4_quadratic_wit_informative,61,662,True,2,52.0,0.002742307605935041,6.603184374194394
P4_quadratic_wit_informative,62,713,True,4,196.0,0.002052306827320594,6.668530267524565
P4_quadratic_wit_informative,63,864,True,3,116.0,0.0033455821590328,6.633458602989014
P4_quadratic_wit_informative,64,762,True,3,116.0,0.0017922922934217613,6.633458602989014
P4_quadratic_wit_informative,65,712,True,2,52.0,0.002782821549125073,6.603184374194394
P4_quadratic_wit_informative,66,713,True,2,52.0,0.004542569525012158,6.603184374194394
P4_quadratic_wit_informative,67,518,False,9,227.0,0.0036434063506887125,6.717125235381166
P4_quadratic_wit_informative,68,33,False,9,227.0,0.00029520833471017053,6.717125235381166
P4_quadratic_wit_informative,69,617,False,9,227.0,0.00429575052667289,6.717125235381166
P4_quadratic_wit_informative,70,418,False,9,227.0,0.0030078278480118836,6.717125235381166
P4_quadratic_wit_informative,71,613,True,3,116.0,0.0028655132951176266,6.633458602989014
P4_quadratic_wit_informative,72,1002,False,9,227.0,0.0014017969815568378,6.717125235381166
P4_quadratic_wit_informative,73,460,False,9,227.0,0.0027536206877664883,6.717125235381166
P4_quadratic_wit_informative,74,59,False,9,227.0,0.00041319826820106366,6.717125235381166
P4_quadratic_wit_informative,75,513,True,4,196.0,0.003909054759808488,6.668530267524565
P4_quadratic_wit_informative,76,516,False,9,227.0,0.0014895090929617008,6.717125235381166
P4_quadratic_wit_informative,77,770,False,9,227.0,0.0019233462631536146,6.717125235381166
P4_quadratic_wit_informative,78,712,True,4,196.0,0.0011622223716231748,6.668530267524565
P4_quadratic_wit_informative,79,907,True,3,116.0,0.0028226282273615634,6.633458602989014
P4_quadratic_wit_informative,80,789,False,9,227.0,2.368795624134947e-05,6.717125235381166
P4_quadratic_wit_informative,81,613,True,2,52.0,0.00434410247202957,6.603184374194394
P4_quadratic_wit_informative,82,919,False,9,227.0,0.0015284276601725381,6.717125235381166
P4_quadratic_wit_informative,83,327,False,9,227.0,0.0007017927824186645,6.717125235381166
P4_quadratic_wit_informative,84,30,False,9,227.0,0.00041231641256523477,6.717125235381166
P4_quadratic_wit_informative,85,129,False,9,227.0,0.0005087951097196762,6.717125235381166
P4_quadratic_wit_informative,86,821,False,9,227.0,0.0013326792916873408,6.717125235381166
P4_quadratic_wit_informative,87,660,True,2,52.0,0.0022264782895994686,6.603184374194394
P4_quadratic_wit_informative,88,322,False,9,227.0,0.00161271354915057,6.717125235381166
P4_quadratic_wit_informative,89,665,True,4,196.0,0.004701278187947126,6.668530267524565
P4_quadratic_wit_informative,90,313,False,9,227.0,0.0018648232858475189,6.717125235381166
P4_quadratic_wit_informative,91,812,True,1,16.0,0.0040041666689597565,6.580665615539849
P4_quadratic_wit_informative,92,624,False,9,227.0,0.0009712628092505192,6.717125235381166
P4_quadratic_wit_informative,93,607,False,9,227.0,0.000718239856072394,6.717125235381166
P4_quadratic_wit_informative,94,517,False,9,227.0,0.004020276101313638,6.717125235381166
P4_quadratic_wit_informative,95,762,True,2,52.0,0.0027528605886866808,6.603184374194394
P4_quadratic_wit_informative,96,567,False,9,227.0,0.004246491661686739,6.717125235381166
P4_quadratic_wit_informative,97,127,False,9,227.0,0.0006307911970458614,6.717125235381166
P4_quadratic_wit_informative,98,219,False,9,227.0,0.0013152990609129713,6.717125235381166
P4_quadratic_wit_informative,99,1320,False,9,227.0,0.00035102368038757734,6.717125235381166
P4_quadratic_wit_informative,100,1104,False,9,227.0,0.0014972917979535337,6.717125235381166
P4_quadratic_wit_informative,101,812,True,1,16.0,0.0040041666689597565,6.580665615539849
P4_quadratic_wit_informative,102,473,False,9,227.0,0.0015297978784433067,6.717125235381166
P4_quadratic_wit_informative,103,1400,False,9,227.0,0.00039753428556648713,6.717125235381166
P4_quadratic_wit_informative,104,904,False,9,227.0,0.002124288414542343,6.717125235381166
P4_quadratic_wit_informative,105,816,False,9,227.0,0.0036067934625984358,6.717125235381166
P4_quadratic_wit_informative,106,655,False,9,227.0,0.002006836545351366,6.717125235381166
P4_quadratic_wit_informative,107,508,True,4,196.0,0.0022115611182031243,6.668530267524565
P4_quadratic_wit_informative,108,152,False,9,227.0,0.00031535567870468985,6.717125235381166
P4_quadratic_wit_informative,109,1101,False,9,227.0,0.0010839765447170522,6.717125235381166
P4_quadratic_wit_informative,110,659,True,4,196.0,0.0006544196175370699,6.668530267524565
P4_quadratic_wit_informative,111,412,False,9,227.0,0.002773578124585737,6.717125235381166
P4_quadratic_wit_informative,112,518,False,9,227.0,0.0036434063506887125,6.717125235381166
P4_quadratic_wit_informative,113,715,False,9,227.0,0.0034145619018219023,6.717125235381166
P4_quadratic_wit_informative,114,364,False,9,227.0,0.002529910522955166,6.717125235381166
P4_quadratic_wit_informative,115,1004,False,9,227.0,0.0019273369769217492,6.717125235381166
P4_quadratic_wit_informative,116,862,True,2,52.0,0.0036543338831271383,6.603184374194394
P4_quadratic_wit_informative,117,818,False,9,227.0,0.0025610685022571236,6.717125235381166
P4_quadratic_wit_informative,118,617,False,9,227.0,0.00429575052667289,6.717125235381166
P4_quadratic_wit_informative,119,762,True,3,116.0,0.0017922922934217613,6.633458602989014
P4_quadratic_wit_informative,120,716,True,6,221.0,0.004390317109850013,6.699387684702939
P4_quadratic_wit_informative,121,765,True,4,196.0,0.004186903871281887,6.668530267524565
P4_quadratic_wit_informative,122,121,False,9,227.0,0.0007865885842960547,6.717125235381166
P4_quadratic_wit_informative,123,614,True,3,116.0,0.004535216840531536,6.633458602989014
P4_quadratic_wit_informative,124,37,False,9,227.0,0.00014836315253574878,6.717125235381166
P4_quadratic_wit_informative,125,664,False,9,227.0,0.0023508837561270943,6.717125235381166
P4_quadratic_wit_informative,126,561,True,3,116.0,0.0036665992033721472,6.633458602989014
P4_quadratic_wit_informative,127,277,False,9,227.0,0.000718777038480624,6.717125235381166
P4_quadratic_wit_informative,128,174,False,9,227.0,0.0008996040031433343,6.717125235381166
P4_quadratic_wit_informative,129,717,False,9,227.0,0.003891722842033352,6.717125235381166
P4_quadratic_wit_informative,130,356,False,9,227.0,0.0010124868370011625,6.717125235381166
P4_quadratic_wit_informative,131,1152,False,9,227.0,0.0010926728962232454,6.717125235381166
P4_quadratic_wit_informative,132,715,False,9,227.0,0.0034145619018219023,6.717125235381166
P4_quadratic_wit_informative,133,565,False,9,227.0,0.003313776817454055,6.717125235381166
P4_quadratic_wit_informative,134,718,False,9,227.0,0.0032801509567923605,6.717125235381166
P4_quadratic_wit_informative,135,30,False,9,227.0,0.00041231641256523477,6.717125235381166
P4_quadratic_wit_informative,136,1301,False,9,227.0,0.0006153655488844661,6.717125235381166
P4_quadratic_wit_informative,137,663,True,2,52.0,0.004545889588557066,6.603184374194394
P4_quadratic_wit_informative,138,906,True,5,206.0,0.002858601122298144,6.693463284336811
P4_quadratic_wit_informative,139,115,False,9,227.0,0.0006880663602106445,6.717125235381166
P4_quadratic_wit_informative,140,663,True,3,116.0,0.003007947121730363,6.633458602989014
P4_quadratic_wit_informative,141,664,True,4,196.0,0.0032551806045917754,6.668530267524565
P4_quadratic_wit_informative,142,1201,False,9,227.0,0.0008764210108153941,6.717125235381166
P4_quadratic_wit_informative,143,714,True,3,116.0,0.004569560656338913,6.633458602989014
P4_quadratic_wit_informative,144,662,True,2,52.0,0.002742307605935041,6.603184374194394
P4_quadratic_wit_informative,145,474,False,9,227.0,0.0012190909993061892,6.717125235381166
P4_quadratic_wit_informative,146,562,False,9,227.0,0.0017792923064977087,6.717125235381166
P4_quadratic_wit_informative,147,673,False,9,227.0,0.0011478310503131967,6.717125235381166
P4_quadratic_wit_informative,148,618,False,9,227.0,0.003730960892442654,6.717125235381166
P4_quadratic_wit_informative,149,29,False,9,227.0,0.0004426022705845381,6.717125235381166
P4_quadratic_wit_informative,150,957,True,5,206.0,0.0029053516544182262,6.693463284336811
P4_quadratic_wit_informative,151,1066,False,9,227.0,0.0013863806552781523,6.717125235381166
P4_quadratic_wit_informative,152,273,False,9,227.0,0.0012904453050387962,6.717125235381166
P4_quadratic_wit_informative,153,712,False,9,227.0,0.000784460284452077,6.717125235381166
P4_quadratic_wit_informative,154,180,False,9,227.0,0.00043624846462288316,6.717125235381166
P4_quadratic_wit_informative,155,808,True,3,116.0,0.0019008319821751203,6.633458602989014
P4_quadratic_wit_informative,156,513,False,9,227.0,0.0027250841274388394,6.717125235381166
P4_quadratic_wit_informative,157,768,False,9,227.0,0.0029342505422915548,6.717125235381166
P4_quadratic_wit_informative,158,854,False,9,227.0,0.002111461221817896,6.717125235381166
P4_quadratic_wit_informative,159,866,False,9,227.0,0.0030886012664901683,6.717125235381166
P4_quadratic_wit_informative,160,179,False,9,227.0,0.0005160073271839795,6.717125235381166
P4_quadratic_wit_informative,161,1118,False,9,227.0,0.0008753440394241028,6.717125235381166
P4_quadratic_wit_informative,162,457,False,9,227.0,0.0017184746899118809,6.717125235381166
P4_quadratic_wit_informative,163,35,False,9,227.0,0.0002152277292876854,6.717125235381166
P4_quadratic_wit_informative,164,712,True,1,16.0,0.004441548077871139,6.580665615539849
P4_quadratic_wit_informative,165,569,False,9,227.0,0.003235341288534808,6.717125235381166
P4_quadratic_wit_informative,166,958,False,9,227.0,0.0017278118922957719,6.717125235381166
P4_quadratic_wit_informative,167,914,True,3,116.0,0.0028082384015725302,6.633458602989014
P4_quadratic_wit_informative,168,525,False,9,227.0,0.0008886537009152349,6.717125235381166
P4_quadratic_wit_informative,169,1256,False,9,227.0,0.0007819792104230925,6.717125235381166
P4_quadratic_wit_informative,170,515,True,4,196.0,0.004018705112522525,6.668530267524565
P4_quadratic_wit_informative,171,668,False,9,227.0,0.003559227861374817,6.717125235381166
P4_quadratic_wit_informative,172,468,False,9,227.0,0.003380746856716978,6.717125235381166
P4_quadratic_wit_informative,173,1200,False,9,227.0,0.0008071219062790388,6.717125235381166
P4_quadratic_wit_informative,174,324,False,9,227.0,0.0012280528620615884,6.717125235381166
P4_quadratic_wit_informative,175,39,False,9,227.0,9.893937600918231e-05,6.717125235381166
P4_quadratic_wit_informative,176,617,False,9,227.0,0.00429575052667289,6.717125235381166
P4_quadratic_wit_informative,177,1701,False,9,227.0,8.065889379043529e-05,6.717125235381166
P4_quadratic_wit_informative,178,1059,False,9,227.0,0.0022200899712948733,6.717125235381166
P4_quadratic_wit_informative,179,861,True,2,52.0,0.003726840409741729,6.603184374194394
P4_quadratic_wit_informative,180,1059,False,9,227.0,0.0022200899712948733,6.717125235381166
P4_quadratic_wit_informative,181,1062,False,9,227.0,0.002007015871045365,6.717125235381166
P4_quadratic_wit_informative,182,670,False,9,227.0,0.0023969502213636177,6.717125235381166
P4_quadratic_wit_informative,183,522,False,9,227.0,0.001846976433627517,6.717125235381166
P4_quadratic_wit_informative,184,869,False,9,227.0,0.0017974123756223563,6.717125235381166
P4_quadratic_wit_informative,185,769,False,9,227.0,0.0023981494591621727,6.717125235381166
P4_quadratic_wit_informative,186,570,False,9,227.0,0.002704353028141287,6.717125235381166
P4_quadratic_wit_informative,187,146,False,9,227.0,1.936240135730116e-05,6.717125235381166
P4_quadratic_wit_informative,188,860,True,3,116.0,0.0022047047249628996,6.633458602989014
P4_quadratic_wit_informative,189,470,False,9,227.0,0.0026629805256632496,6.717125235381166
P4_quadratic_wit_informative,190,1200,False,9,227.0,0.0008071219062790388,6.717125235381166
P4_quadratic_wit_informative,191,464,True,7,225.0,0.003788732121689258,6.712269593589154
P4_quadratic_wit_informative,192,225,False,9,227.0,0.0009331303258055208,6.717125235381166
P4_quadratic_wit_informative,193,958,False,9,227.0,0.0017278118922957719,6.717125235381166
P4_quadratic_wit_informative,194,314,False,9,227.0,0.001982101886335209,6.717125235381166
P4_quadratic_wit_informative,195,366,False,9,227.0,0.0026713226011924264,6.717125235381166
P4_quadratic_wit_informative,196,756,True,4,196.0,0.0026855587236195395,6.668530267524565
P4_quadratic_wit_informative,197,1018,False,9,227.0,0.001282548899134701,6.717125235381166
P4_quadratic_wit_informative,198,404,False,9,227.0,0.0008211693374880226,6.717125235381166
P4_quadratic_wit_informative,199,519,False,9,227.0,0.0032023532830589498,6.717125235381166
P5_mixed_nowit_informative,0,875,False,10,220.0,0.0004273575084506292,6.853834677624638
P5_mixed_nowit_informative,1,618,False,10,220.0,0.0029272561067405327,6.853834677624638
P5_mixed_nowit_informative,2,1005,False,10,220.0,0.0020328181607320913,6.853834677624638
P5_mixed_nowit_informative,3,812,True,2,100.0,0.0019497757520903537,6.790511399349831
P5_mixed_nowit_informative,4,142,False,10,220.0,0.0001631094790913623,6.853834677624638
P5_mixed_nowit_informative,5,1501,False,10,220.0,0.0004542904759443383,6.853834677624638
P5_mixed_nowit_informative,6,863,True,2,100.0,0.002726495897330831,6.790511399349831
P5_mixed_nowit_informative,7,908,True,3,156.0,0.0026501076517994188,6.821700306770654
P5_mixed_nowit_informative,8,251,False,10,220.0,0.0006074641441263679,6.853834677624638
P5_mixed_nowit_informative,9,656,False,10,220.0,0.0020681095710808587,6.853834677624638
P5_mixed_nowit_informative,10,569,False,10,220.0,0.0026307466134283313,6.853834677624638
P5_mixed_nowit_informative,11,1154,False,10,220.0,0.001407631032689358,6.853834677624638
P5_mixed_nowit_informative,12,764,True,2,100.0,0.0031565976965683374,6.790511399349831
P5_mixed_nowit_informative,13,955,False,10,220.0,0.002158808518623275,6.853834677624638
P5_mixed_nowit_informative,14,620,False,10,220.0,0.002165042747739766,6.853834677624638
P5_mixed_nowit_informative,15,428,False,10,220.0,0.0006046533434028407,6.853834677624638
P5_mixed_nowit_informative,16,712,True,3,156.0,0.0008408637411116459,6.821700306770654
P5_mixed_nowit_informative,17,76,False,10,220.0,0.0008239292941327632,6.853834677624638
P5_mixed_nowit_informative,18,957,False,10,220.0,0.0012951533256208142,6.853834677624638
P5_mixed_nowit_informative,19,762,True,1,16.0,0.0032997748364093286,6.774561365820095
P5_mixed_nowit_informative,20,862,True,2,100.0,0.00285775930551965,6.790511399349831
P5_mixed_nowit_informative,21,566,True,8,218.0,0.0034739288269386385,6.8489277854131565
P5_mixed_nowit_informative,22,1417,False,10,220.0,0.0002568434858425486,6.853834677624638
P5_mixed_nowit_informative,23,1061,False,10,220.0,0.001767209615867002,6.853834677624638
P5_mixed_nowit_informative,24,904,False,10,220.0,0.001955590229804657,6.853834677624638
P5_mixed_nowit_informative,25,379,False,10,220.0,0.0005599664395737308,6.853834677624638
P5_mixed_nowit_informative,26,661,True,2,100.0,0.0019189760551833457,6.790511399349831
P5_mixed_nowit_informative,27,38,False,10,220.0,0.0004394990812439537,6.853834677624638
P5_mixed_nowit_informative,28,315,False,10,220.0,0.0018082269631746878,6.853834677624638
P5_mixed_nowit_informative,29,810,True,1,16.0,0.0030323110122687457,6.774561365820095
P5_mixed_nowit_informative,30,860,True,2,100.0,0.0028957710304837125,6.790511399349831
P5_mixed_nowit_informative,31,1374,False,10,220.0,0.00018390527157047303,6.853834677624638
P5_mixed_nowit_informative,32,560,True,3,156.0,0.0026956631819530755,6.821700306770654
P5_mixed_nowit_informative,33,569,False,10,220.0,0.0026307466134283313,6.853834677624638
P5_mixed_nowit_informative,34,662,True,2,100.0,0.002085056250039872,6.790511399349831
P5_mixed_nowit_informative,35,372,False,10,220.0,0.0016918908236933314,6.853834677624638
P5_mixed_nowit_informative,36,257,False,10,220.0,0.0009354077892098083,6.853834677624638
P5_mixed_nowit_informative,37,662,True,2,100.0,0.002085056250039872,6.790511399349831
P5_mixed_nowit_informative,38,426,False,10,220.0,0.0008984805407967793,6.853834677624638
P5_mixed_nowit_informative,39,807,False,10,220.0,0.0007495113606810733,6.853834677624638
P5_mixed_nowit_informative,40,618,False,10,220.0,0.0029272561067405327,6.853834677624638
P5_mixed_nowit_informative,41,959,True,10,220.0,0.002656311439116113,6.853056221258153
P5_mixed_nowit_informative,42,812,True,2,100.0,0.0019497757520903537,6.790511399349831
P5_mixed_nowit_informative,43,520,False,10,220.0,0.002318580372818886,6.853834677624638
P5_mixed_nowit_informative,44,959,True,10,220.0,0.002656311439116113,6.853056221258153
P5_mixed_nowit_informative,45,913,True,3,156.0,0.0025285742646751585,6.821700306770654
P5_mixed_nowit_informative,46,610,True,2,100.0,0.002795929726175329,6.790511399349831
P5_mixed_nowit_informative,47,515,False,10,220.0,0.001555992795519947,6.853834677624638
P5_mixed_nowit_informative,48,810,True,1,16.0,0.0030323110122687457,6.774561365820095
P5_mixed_nowit_informative,49,273,False,10,220.0,0.0013594446267528404,6.853834677624638
P5_mixed_nowit_informative,50,410,False,10,220.0,0.0018877466973548143,6.853834677624638
P5_mixed_nowit_informative,51,3,False,10,220.0,0.0006072385009183393,6.853834677624638
P5_mixed_nowit_informative,52,908,True,3,156.0,0.0026501076517994188,6.821700306770654
P5_mixed_nowit_informative,53,800,False,10,220.0,0.000876663719982424,6.853834677624638
P5_mixed_nowit_informative,54,813,True,2,100.0,0.003056898334035712,6.790511399349831
P5_mixed_nowit_informative,55,906,True,5,184.0,0.0023922261242336398,6.839248010541245
P5_mixed_nowit_informative,56,660,True,1,16.0,0.002959938744096113,6.774561365820095
P5_mixed_nowit_informative,57,714,True,2,100.0,0.0033443502915007756,6.790511399349831
P5_mixed_nowit_informative,58,273,False,10,220.0,0.0013594446267528404,6.853834677624638
P5_mixed_nowit_informative,59,210,False,10,220.0,0.000968796360863553,6.853834677624638
P5_mixed_nowit_informative,60,806,False,10,220.0,0.0012454163747402365,6.853834677624638
P5_mixed_nowit_informative,61,662,True,2,100.0,0.002085056250039872,6.790511399349831
P5_mixed_nowit_informative,62,713,True,2,100.0,0.003452284854642762,6.790511399349831
P5_mixed_nowit_informative,63,864,True,2,100.0,0.0025354791243758466,6.790511399349831
P5_mixed_nowit_informative,64,762,True,1,16.0,0.0032997748364093286,6.774561365820095
P5_mixed_nowit_informative,65,712,True,1,16.0,0.00338465313882411,6.774561365820095
P5_mixed_nowit_informative,66,713,False,10,220.0,0.0010261662971870172,6.853834677624638
P5_mixed_nowit_informative,67,518,False,10,220.0,0.0029109920051673677,6.853834677624638
P5_mixed_nowit_informative,68,33,False,10,220.0,0.0006983251448600187,6.853834677624638
P5_mixed_nowit_informative,69,617,False,10,220.0,0.003280225823071953,6.853834677624638
P5_mixed_nowit_informative,70,418,False,10,220.0,0.002506410238250644,6.853834677624638
P5_mixed_nowit_informative,71,613,True,2,100.0,0.0033400720896291113,6.790511399349831
P5_mixed_nowit_informative,72,1002,False,10,220.0,0.001538659475401514,6.853834677624638
P5_mixed_nowit_informative,73,460,False,10,220.0,0.002215918098790254,6.853834677624638
P5_mixed_nowit_informative,74,59,False,10,220.0,0.0006269629180408495,6.853834677624638
P5_mixed_nowit_informative,75,513,True,6,188.0,0.003170657891269116,6.842448108320527
P5_mixed_nowit_informative,76,516,False,10,220.0,0.0032949301863570844,6.853834677624638
P5_mixed_nowit_informative,77,770,False,10,220.0,0.0016261365665925789,6.853834677624638
P5_mixed_nowit_informative,78,712,True,1,16.0,0.00338465313882411,6.774561365820095
P5_mixed_nowit_informative,79,907,True,5,184.0,0.0013548353735824655,6.839248010541245
P5_mixed_nowit_informative,80,789,False,10,220.0,3.0900678551810544e-05,6.853834677624638
P5_mixed_nowit_informative,81,613,True,2,100.0,0.0033400720896291113,6.790511399349831
P5_mixed_nowit_informative,82,919,False,10,220.0,0.0012755256021047055,6.853834677624638
P5_mixed_nowit_informative,83,327,False,10,220.0,0.0008752884770849706,6.853834677624638
P5_mixed_nowit_informative,84,30,False,10,220.0,0.0007718428050716936,6.853834677624638
P5_mixed_nowit_informative,85,129,False,10,220.0,0.0008187411862257208,6.853834677624638
P5_mixed_nowit_informative,86,821,False,10,220.0,0.001167921870406492,6.853834677624638
P5_mixed_nowit_informative,87,660,False,10,220.0,0.00037000251223882414,6.853834677624638
P5_mixed_nowit_informative,88,322,False,10,220.0,0.0015879097771940428,6.853834677624638
P5_mixed_nowit_informative,89,665,True,4,172.0,0.0036261809351540997,6.830773388836063
P5_mixed_nowit_informative,90,313,False,10,220.0,0.0016505128622694254,6.853834677624638
P5_mixed_nowit_informative,91,812,True,2,100.0,0.0019497757520903537,6.790511399349831
P5_mixed_nowit_informative,92,624,False,10,220.0,0.000953062098301994,6.853834677624638
P5_mixed_nowit_informative,93,607,False,10,220.0,0.0011270932432275887,6.853834677624638
P5_mixed_nowit_informative,94,517,False,10,220.0,0.003138878983542142,6.853834677624638
P5_mixed_nowit_informative,95,762,True,2,100.0,0.0020922417275119477,6.790511399349831
P5_mixed_nowit_informative,96,567,False,10,220.0,0.003268726525049149,6.853834677624638
P5_mixed_nowit_informative,97,127,False,10,220.0,0.0008955987644774543,6.853834677624638
P5_mixed_nowit_informative,98,219,False,10,220.0,0.0012933737036010771,6.853834677624638
P5_mixed_nowit_informative,99,1320,False,10,220.0,0.00029535009977105085,6.853834677624638
P5_mixed_nowit_informative,100,1104,False,10,220.0,0.0015999106735788485,6.853834677624638
P5_mixed_nowit_informative,101,812,True,2,100.0,0.0019497757520903537,6.790511399349831
P5_mixed_nowit_informative,102,473,False,10,220.0,0.001472592073322863,6.853834677624638
P5_mixed_nowit_informative,103,1400,False,10,220.0,0.0007406507802254844,6.853834677624638
P5_mixed_nowit_informative,104,904,False,10,220.0,0.001955590229804657,6.853834677624638
P5_mixed_nowit_informative,105,816,False,10,220.0,0.0027396417696578983,6.853834677624638
P5_mixed_nowit_informative,106,655,False,10,220.0,0.0017396034617185702,6.853834677624638
P5_mixed_nowit_informative,107,508,False,10,220.0,0.0020104299875670154,6.853834677624638
P5_mixed_nowit_informative,108,152,False,10,220.0,0.0006208217564066662,6.853834677624638
P5_mixed_nowit_informative,109,1101,False,10,220.0,0.0013682462797885565,6.853834677624638
P5_mixed_nowit_informative,110,659,True,1,16.0,0.00267529957753668,6.774561365820095
P5_mixed_nowit_informative,111,412,False,10,220.0,0.0022482614611064487,6.853834677624638
P5_mixed_nowit_informative,112,518,False,10,220.0,0.0029109920051673677,6.853834677624638
P5_mixed_nowit_informative,113,715,False,10,220.0,0.0007873455062685378,6.853834677624638
P5_mixed_nowit_informative,114,364,False,10,220.0,0.002111124207674934,6.853834677624638
P5_mixed_nowit_informative,115,1004,False,10,220.0,0.0018835136709690575,6.853834677624638
P5_mixed_nowit_informative,116,862,True,2,100.0,0.00285775930551965,6.790511399349831
P5_mixed_nowit_informative,117,818,False,10,220.0,0.002049048390816319,6.853834677624638
P5_mixed_nowit_informative,118,617,False,10,220.0,0.003280225823071953,6.853834677624638
P5_mixed_nowit_informative,119,762,True,2,100.0,0.0020922417275119477,6.790511399349831
P5_mixed_nowit_informative,120,716,False,10,220.0,0.0033447988097702816,6.853834677624638
P5_mixed_nowit_informative,121,765,True,7,212.0,0.003341712619028641,6.844961368070336
P5_mixed_nowit_informative,122,121,False,10,220.0,0.0008838116155617024,6.853834677624638
P5_mixed_nowit_informative,123,614,True,2,100.0,0.0033463523638442515,6.790511399349831
P5_mixed_nowit_informative,124,37,False,10,220.0,0.0004936226160400203,6.853834677624638
P5_mixed_nowit_informative,125,664,True,7,212.0,0.0007066784627834084,6.844961368070336
P5_mixed_nowit_informative,126,561,False,10,220.0,0.001927300768956004,6.853834677624638
P5_mixed_nowit_informative,127,277,False,10,220.0,0.0009217290614869453,6.853834677624638
P5_mixed_nowit_informative,128,174,False,10,220.0,0.0010591642505657164,6.853834677624638
P5_mixed_nowit_informative,129,717,False,10,220.0,0.002974679597899405,6.853834677624638
P5_mixed_nowit_informative,130,356,False,10,220.0,0.0010747411897109342,6.853834677624638
P5_mixed_nowit_informative,131,1152,False,10,220.0,0.0013607056213929072,6.853834677624638
P5_mixed_nowit_informative,132,715,True,4,172.0,0.003497504411504221,6.830773388836063
P5_mixed_nowit_informative,133,565,True,7,212.0,0.0016327483345254554,6.844961368070336
P5_mixed_nowit_informative,134,718,False,10,220.0,0.0025812590804393434,6.853834677624638
P5_mixed_nowit_informative,135,30,False,10,220.0,0.0007718428050716936,6.853834677624638
P5_mixed_nowit_informative,136,1301,False,10,220.0,0.0009585802539592269,6.853834677624638
P5_mixed_nowit_informative,137,663,True,2,100.0,0.003462653998351455,6.790511399349831
P5_mixed_nowit_informative,138,906,False,10,220.0,0.0012202144787789569,6.853834677624638
P5_mixed_nowit_informative,139,115,False,10,220.0,0.0007723078603122266,6.853834677624638
P5_mixed_nowit_informative,140,663,True,2,100.0,0.003462653998351455,6.790511399349831
P5_mixed_nowit_informative,141,664,True,4,172.0,0.001615939683076455,6.830773388836063
P5_mixed_nowit_informative,142,1201,False,10,220.0,0.0012174556534121368,6.853834677624638
P5_mixed_nowit_informative,143,714,True,2,100.0,0.0033443502915007756,6.790511399349831
P5_mixed_nowit_informative,144,662,True,1,16.0,0.00333851955607707,6.774561365820095
P5_mixed_nowit_informative,145,474,False,10,220.0,0.0012268566144121066,6.853834677624638
P5_mixed_nowit_informative,146,562,True,3,156.0,0.003181553972196266,6.821700306770654
P5_mixed_nowit_informative,147,673,False,10,220.0,0.0010783895325369296,6.853834677624638
P5_mixed_nowit_informative,148,618,False,10,220.0,0.0029272561067405327,6.853834677624638
P5_mixed_nowit_informative,149,29,False,10,220.0,0.0007731129137253639,6.853834677624638
P5_mixed_nowit_informative,150,957,False,10,220.0,0.0012951533256208142,6.853834677624638
P5_mixed_nowit_informative,151,1066,False,10,220.0,0.0011381798554026758,6.853834677624638
P5_mixed_nowit_informative,152,273,False,10,220.0,0.0013594446267528404,6.853834677624638
P5_mixed_nowit_informative,153,712,True,2,100.0,0.0021076445923548983,6.790511399349831
P5_mixed_nowit_informative,154,180,False,10,220.0,0.0007249077912901596,6.853834677624638
P5_mixed_nowit_informative,155,808,True,2,100.0,0.002706872932851312,6.790511399349831
P5_mixed_nowit_informative,156,513,True,6,188.0,0.003170657891269116,6.842448108320527
P5_mixed_nowit_informative,157,768,False,10,220.0,0.002325801692894696,6.853834677624638
P5_mixed_nowit_informative,158,854,False,10,220.0,0.001910289709729866,6.853834677624638
P5_mixed_nowit_informative,159,866,False,10,220.0,0.0023805065893594507,6.853834677624638
P5_mixed_nowit_informative,160,179,False,10,220.0,0.0008003964711522864,6.853834677624638
P5_mixed_nowit_informative,161,1118,False,10,220.0,0.00072804571809736,6.853834677624638
P5_mixed_nowit_informative,162,457,False,10,220.0,0.0015396699381706768,6.853834677624638
P5_mixed_nowit_informative,163,35,False,10,220.0,0.0006032444788311535,6.853834677624638
P5_mixed_nowit_informative,164,712,True,2,100.0,0.0021076445923548983,6.790511399349831
P5_mixed_nowit_informative,165,569,False,10,220.0,0.0026307466134283313,6.853834677624638
P5_mixed_nowit_informative,166,958,False,10,220.0,0.001398140601511461,6.853834677624638
P5_mixed_nowit_informative,167,914,False,10,220.0,0.002531696671016876,6.853834677624638
P5_mixed_nowit_informative,168,525,False,10,220.0,0.0009258139125658667,6.853834677624638
P5_mixed_nowit_informative,169,1256,False,10,220.0,0.0009175948272202218,6.853834677624638
P5_mixed_nowit_informative,170,515,True,7,212.0,0.003302217213014069,6.844961368070336
P5_mixed_nowit_informative,171,668,False,10,220.0,0.002790313695674961,6.853834677624638
P5_mixed_nowit_informative,172,468,False,10,220.0,0.002750280974775173,6.853834677624638
P5_mixed_nowit_informative,173,1200,False,10,220.0,0.0011928011423172364,6.853834677624638
P5_mixed_nowit_informative,174,324,False,10,220.0,0.0013113241780873424,6.853834677624638
P5_mixed_nowit_informative,175,39,False,10,220.0,0.0003883157334309735,6.853834677624638
P5_mixed_nowit_informative,176,617,False,10,220.0,0.003280225823071953,6.853834677624638
P5_mixed_nowit_informative,177,1701,False,10,220.0,0.0001943792503083655,6.853834677624638
P5_mixed_nowit_informative,178,1059,False,10,220.0,0.0019132432707806494,6.853834677624638
P5_mixed_nowit_informative,179,861,True,2,100.0,0.002916280900604127,6.790511399349831
P5_mixed_nowit_informative,180,1059,False,10,220.0,0.0019132432707806494,6.853834677624638
P5_mixed_nowit_informative,181,1062,False,10,220.0,0.0016612716837981452,6.853834677624638
P5_mixed_nowit_informative,182,670,False,10,220.0,0.0020093140543554567,6.853834677624638
P5_mixed_nowit_informative,183,522,False,10,220.0,0.0016866405537347049,6.853834677624638
P5_mixed_nowit_informative,184,869,False,10,220.0,0.001491693897384344,6.853834677624638
P5_mixed_nowit_informative,185,769,False,10,220.0,0.0019615415334959655,6.853834677624638
P5_mixed_nowit_informative,186,570,False,10,220.0,0.0022735656978050394,6.853834677624638
P5_mixed_nowit_informative,187,146,False,10,220.0,0.00010253753284982824,6.853834677624638
P5_mixed_nowit_informative,188,860,True,3,156.0,0.0010173814682502245,6.821700306770654
P5_mixed_nowit_informative,189,470,False,10,220.0,0.002289345818871379,6.853834677624638
P5_mixed_nowit_informative,190,1200,False,10,220.0,0.0011928011423172364,6.853834677624638
P5_mixed_nowit_informative,191,464,False,10,220.0,0.0029480917759153505,6.853834677624638
P5_mixed_nowit_informative,192,225,False,10,220.0,0.0011085323467820462,6.853834677624638
P5_mixed_nowit_informative,193,958,False,10,220.0,0.001398140601511461,6.853834677624638
P5_mixed_nowit_informative,194,314,False,10,220.0,0.00173692815275782,6.853834677624638
P5_mixed_nowit_informative,195,366,False,10,220.0,0.0022371396989891326,6.853834677624638
P5_mixed_nowit_informative,196,756,False,10,220.0,0.0011995039185229415,6.853834677624638
P5_mixed_nowit_informative,197,1018,False,10,220.0,0.0010606945434846796,6.853834677624638
P5_mixed_nowit_informative,198,404,False,10,220.0,0.0009386227468503753,6.853834677624638
P5_mixed_nowit_informative,199,519,False,10,220.0,0.0026302358439651203,6.853834677624638
P6_mixed_wit_informative,0,875,False,10,226.0,0.0008371647656159665,6.995596737227253
P6_mixed_wit_informative,1,618,False,10,226.0,0.001964652458199348,6.995596737227253
P6_mixed_wit_informative,2,1005,False,10,226.0,0.0007785826843885383,6.995596737227253
P6_mixed_wit_informative,3,812,True,2,52.0,0.0023464249517769465,6.92086754301269
P6_mixed_wit_informative,4,142,False,10,226.0,0.0005846967352155108,6.995596737227253
P6_mixed_wit_informative,5,1501,False,10,226.0,0.00012285366627207714,6.995596737227253
P6_mixed_wit_informative,6,863,True,3,116.0,0.002280472208272647,6.938714395945137
P6_mixed_wit_informative,7,908,False,10,226.0,0.001452397852759335,6.995596737227253
P6_mixed_wit_informative,8,251,False,10,226.0,0.00019016334173087057,6.995596737227253
P6_mixed_wit_informative,9,656,False,10,226.0,0.0008757429169544847,6.995596737227253
P6_mixed_wit_informative,10,569,False,10,226.0,0.0020121995812910558,6.995596737227253
P6_mixed_wit_informative,11,1154,False,10,226.0,0.0004928842049392649,6.995596737227253
P6_mixed_wit_informative,12,764,True,2,52.0,0.0018386311785929988,6.92086754301269
P6_mixed_wit_informative,13,955,False,10,226.0,0.0008264816396930047,6.995596737227253
P6_mixed_wit_informative,14,620,True,4,186.0,0.0028212705378073055,6.95920146463058
P6_mixed_wit_informative,15,428,False,10,226.0,0.001282821196646714,6.995596737227253
P6_mixed_wit_informative,16,712,True,2,52.0,0.0015564983855797206,6.92086754301269
P6_mixed_wit_informative,17,76,False,10,226.0,0.0013519136800940943,6.995596737227253
P6_mixed_wit_informative,18,957,False,10,226.0,0.001150653201392506,6.995596737227253
P6_mixed_wit_informative,19,762,True,2,52.0,0.0015497913219765804,6.92086754301269
P6_mixed_wit_informative,20,862,False,10,226.0,0.0009241252951148107,6.995596737227253
P6_mixed_wit_informative,21,566,True,2,52.0,0.003071085707523962,6.92086754301269
P6_mixed_wit_informative,22,1417,False,10,226.0,0.00024256174833535524,6.995596737227253
P6_mixed_wit_informative,23,1061,False,10,226.0,0.0011672447167273027,6.995596737227253
P6_mixed_wit_informative,24,904,False,10,226.0,0.0006832060584255182,6.995596737227253
P6_mixed_wit_informative,25,379,False,10,226.0,0.0012192204087620008,6.995596737227253
P6_mixed_wit_informative,26,661,True,3,116.0,0.001329516411728476,6.938714395945137
P6_mixed_wit_informative,27,38,False,10,226.0,0.0013381838031484635,6.995596737227253
P6_mixed_wit_informative,28,315,False,10,226.0,0.0016086515813666525,6.995596737227253
P6_mixed_wit_informative,29,810,False,10,226.0,0.0007125331847622035,6.995596737227253
P6_mixed_wit_informative,30,860,True,3,116.0,0.0018450198482093602,6.938714395945137
P6_mixed_wit_informative,31,1374,False,10,226.0,0.00028441921580432385,6.995596737227253
P6_mixed_wit_informative,32,560,True,3,116.0,0.001591324110476946,6.938714395945137
P6_mixed_wit_informative,33,569,False,10,226.0,0.0020121995812910558,6.995596737227253
P6_mixed_wit_informative,34,662,True,1,16.0,0.0024698771743692613,6.908117562358332
P6_mixed_wit_informative,35,372,False,10,226.0,0.002507648229459373,6.995596737227253
P6_mixed_wit_informative,36,257,False,10,226.0,0.00046229462416847556,6.995596737227253
P6_mixed_wit_informative,37,662,True,3,116.0,0.0009654720855930934,6.938714395945137
P6_mixed_wit_informative,38,426,False,10,226.0,0.0017260875821866533,6.995596737227253
P6_mixed_wit_informative,39,807,False,10,226.0,0.001304161093747499,6.995596737227253
P6_mixed_wit_informative,40,618,False,10,226.0,0.001964652458199348,6.995596737227253
P6_mixed_wit_informative,41,959,False,10,226.0,0.0014722254557034509,6.995596737227253
P6_mixed_wit_informative,42,812,True,2,52.0,0.0023464249517769465,6.92086754301269
P6_mixed_wit_informative,43,520,True,4,186.0,0.0029503604002650203,6.95920146463058
P6_mixed_wit_informative,44,959,False,10,226.0,0.0014722254557034509,6.995596737227253
P6_mixed_wit_informative,45,913,True,6,216.0,0.002163026183986939,6.988788119458205
P6_mixed_wit_informative,46,610,False,10,226.0,0.0011277363480811078,6.995596737227253
P6_mixed_wit_informative,47,515,True,3,116.0,0.0027776221790814155,6.938714395945137
P6_mixed_wit_informative,48,810,True,5,206.0,0.001219936769280898,6.98637769530661
P6_mixed_wit_informative,49,273,False,10,226.0,0.0020597320255753243,6.995596737227253
P6_mixed_wit_informative,50,410,False,10,226.0,0.0011454425704563226,6.995596737227253
P6_mixed_wit_informative,51,3,False,10,226.0,0.00023870201484498896,6.995596737227253
P6_mixed_wit_informative,52,908,False,10,226.0,0.001452397852759335,6.995596737227253
P6_mixed_wit_informative,53,800,False,10,226.0,0.00021559275164798232,6.995596737227253
P6_mixed_wit_informative,54,813,False,10,226.0,0.0007207288879399925,6.995596737227253
P6_mixed_wit_informative,55,906,False,10,226.0,0.0010376089296311151,6.995596737227253
P6_mixed_wit_informative,56,660,False,10,226.0,0.0012102103320700626,6.995596737227253
P6_mixed_wit_informative,57,714,True,2,52.0,0.0019286777825326326,6.92086754301269
P6_mixed_wit_informative,58,273,False,10,226.0,0.0020597320255753243,6.995596737227253
P6_mixed_wit_informative,59,210,False,10,226.0,0.0006003707210823757,6.995596737227253
P6_mixed_wit_informative,60,806,False,10,226.0,0.0010460796962942322,6.995596737227253
P6_mixed_wit_informative,61,662,False,10,226.0,0.0006552798344377992,6.995596737227253
P6_mixed_wit_informative,62,713,True,1,16.0,0.0027428310435335867,6.908117562358332
P6_mixed_wit_informative,63,864,False,10,226.0,0.0016775793930912312,6.995596737227253
P6_mixed_wit_informative,64,762,True,1,16.0,0.0024570168197282694,6.908117562358332
P6_mixed_wit_informative,65,712,True,5,206.0,0.0006458020474182964,6.98637769530661
P6_mixed_wit_informative,66,713,True,2,52.0,0.0017672102639534248,6.92086754301269
P6_mixed_wit_informative,67,518,True,4,186.0,0.0031819350241628955,6.95920146463058
P6_mixed_wit_informative,68,33,False,10,226.0,0.0016452227615142182,6.995596737227253
P6_mixed_wit_informative,69,617,False,10,226.0,0.0013833301463119162,6.995596737227253
P6_mixed_wit_informative,70,418,False,10,226.0,0.002846334922629759,6.995596737227253
P6_mixed_wit_informative,71,613,True,6,216.0,0.0007506941510521071,6.988788119458205
P6_mixed_wit_informative,72,1002,False,10,226.0,0.0004499160509397545,6.995596737227253
P6_mixed_wit_informative,73,460,False,10,226.0,0.0013404478032202917,6.995596737227253
P6_mixed_wit_informative,74,59,False,10,226.0,0.00037119522573599934,6.995596737227253
P6_mixed_wit_informative,75,513,True,6,216.0,0.0015683418221830213,6.988788119458205
P6_mixed_wit_informative,76,516,True,3,116.0,0.0029487105807729243,6.938714395945137
P6_mixed_wit_informative,77,770,False,10,226.0,0.0022955535555844535,6.995596737227253
P6_mixed_wit_informative,78,712,True,1,16.0,0.0025126264218830563,6.908117562358332
P6_mixed_wit_informative,79,907,False,10,226.0,0.0012415141655282042,6.995596737227253
P6_mixed_wit_informative,80,789,False,10,226.0,0.00011196713851974442,6.995596737227253
P6_mixed_wit_informative,81,613,True,1,16.0,0.0026297564279766403,6.908117562358332
P6_mixed_wit_informative,82,919,False,10,226.0,0.001660868721265284,6.995596737227253
P6_mixed_wit_informative,83,327,False,10,226.0,0.0016976462709790696,6.995596737227253
P6_mixed_wit_informative,84,30,False,10,226.0,0.0015474955278933476,6.995596737227253
P6_mixed_wit_informative,85,129,False,10,226.0,0.0016181809679219927,6.995596737227253
P6_mixed_wit_informative,86,821,False,10,226.0,0.0017720979940609122,6.995596737227253
P6_mixed_wit_informative,87,660,False,10,226.0,0.0012102103320700626,6.995596737227253
P6_mixed_wit_informative,88,322,False,10,226.0,0.002307741616694511,6.995596737227253
P6_mixed_wit_informative,89,665,True,3,116.0,0.0014707089917812184,6.938714395945137
P6_mixed_wit_informative,90,313,False,10,226.0,0.0012651355868847987,6.995596737227253
P6_mixed_wit_informative,91,812,True,2,52.0,0.0023464249517769465,6.92086754301269
P6_mixed_wit_informative,92,624,False,10,226.0,0.0017407317179221056,6.995596737227253
P6_mixed_wit_informative,93,607,False,10,226.0,0.0010239724719590972,6.995596737227253
P6_mixed_wit_informative,94,517,False,10,226.0,0.0012737817473149487,6.995596737227253
P6_mixed_wit_informative,95,762,True,1,16.0,0.0024570168197282694,6.908117562358332
P6_mixed_wit_informative,96,567,True,4,186.0,0.0024104082875069234,6.95920146463058
P6_mixed_wit_informative,97,127,False,10,226.0,0.001590892123725323,6.995596737227253
P6_mixed_wit_informative,98,219,False,10,226.0,0.0014894540252736485,6.995596737227253
P6_mixed_wit_informative,99,1320,False,10,226.0,0.0003633623249464372,6.995596737227253
P6_mixed_wit_informative,100,1104,False,10,226.0,0.0005603278838337926,6.995596737227253
P6_mixed_wit_informative,101,812,False,10,226.0,0.0006288846832887316,6.995596737227253
P6_mixed_wit_informative,102,473,False,10,226.0,0.0024183068401505705,6.995596737227253
P6_mixed_wit_informative,103,1400,False,10,226.0,0.00018629883150385353,6.995596737227253
P6_mixed_wit_informative,104,904,False,10,226.0,0.0006832060584255182,6.995596737227253
P6_mixed_wit_informative,105,816,True,2,52.0,0.002474812291628191,6.92086754301269
P6_mixed_wit_informative,106,655,False,10,226.0,0.0006750448968023587,6.995596737227253
P6_mixed_wit_informative,107,508,False,10,226.0,0.0010274347845539975,6.995596737227253
P6_mixed_wit_informative,108,152,False,10,226.0,0.00021584857545167715,6.995596737227253
P6_mixed_wit_informative,109,1101,False,10,226.0,0.0003683307162118713,6.995596737227253
P6_mixed_wit_informative,110,659,False,10,226.0,0.0017570508084293682,6.995596737227253
P6_mixed_wit_informative,111,412,False,10,226.0,0.0015989362382948964,6.995596737227253
P6_mixed_wit_informative,112,518,True,4,186.0,0.0031819350241628955,6.95920146463058
P6_mixed_wit_informative,113,715,True,1,16.0,0.0029715425634808655,6.908117562358332
P6_mixed_wit_informative,114,364,False,10,226.0,0.0017509200419675108,6.995596737227253
P6_mixed_wit_informative,115,1004,False,10,226.0,0.0006588174544720689,6.995596737227253
P6_mixed_wit_informative,116,862,False,10,226.0,0.0009241252951148107,6.995596737227253
P6_mixed_wit_informative,117,818,False,10,226.0,0.0024844176948489874,6.995596737227253
P6_mixed_wit_informative,118,617,True,4,186.0,0.002457118788185032,6.95920146463058
P6_mixed_wit_informative,119,762,True,1,16.0,0.0024570168197282694,6.908117562358332
P6_mixed_wit_informative,120,716,False,10,226.0,0.0016842273301273753,6.995596737227253
P6_mixed_wit_informative,121,765,True,1,16.0,0.0027765977260467345,6.908117562358332
P6_mixed_wit_informative,122,121,False,10,226.0,0.00111108282555686,6.995596737227253
P6_mixed_wit_informative,123,614,True,2,52.0,0.0019330669527289819,6.92086754301269
P6_mixed_wit_informative,124,37,False,10,226.0,0.00142944006854446,6.995596737227253
P6_mixed_wit_informative,125,664,True,3,116.0,0.0013094008554722944,6.938714395945137
P6_mixed_wit_informative,126,561,False,10,226.0,0.0007589192687231568,6.995596737227253
P6_mixed_wit_informative,127,277,False,10,226.0,0.001749534319017392,6.995596737227253
P6_mixed_wit_informative,128,174,False,10,226.0,0.0016272433338256655,6.995596737227253
P6_mixed_wit_informative,129,717,False,10,226.0,0.0024005741434004234,6.995596737227253
P6_mixed_wit_informative,130,356,False,10,226.0,0.00048185625644309074,6.995596737227253
P6_mixed_wit_informative,131,1152,False,10,226.0,0.0004003534060379091,6.995596737227253
P6_mixed_wit_informative,132,715,True,3,116.0,0.00143962817845616,6.938714395945137
P6_mixed_wit_informative,133,565,False,10,226.0,0.0007022896131539938,6.995596737227253
P6_mixed_wit_informative,134,718,False,10,226.0,0.0017478476456283438,6.995596737227253
P6_mixed_wit_informative,135,30,False,10,226.0,0.0015474955278933476,6.995596737227253
P6_mixed_wit_informative,136,1301,False,10,226.0,0.0002605519955174543,6.995596737227253
P6_mixed_wit_informative,137,663,True,3,116.0,0.0011399255167859979,6.938714395945137
P6_mixed_wit_informative,138,906,False,10,226.0,0.0010376089296311151,6.995596737227253
P6_mixed_wit_informative,139,115,False,10,226.0,0.0006726295577218151,6.995596737227253
P6_mixed_wit_informative,140,663,True,1,16.0,0.002739247769903987,6.908117562358332
P6_mixed_wit_informative,141,664,False,10,226.0,0.00040373330418196193,6.995596737227253
P6_mixed_wit_informative,142,1201,False,10,226.0,0.00032961513204512923,6.995596737227253
P6_mixed_wit_informative,143,714,True,3,116.0,0.0012988826847613669,6.938714395945137
P6_mixed_wit_informative,144,662,True,2,52.0,0.0015345348290427096,6.92086754301269
P6_mixed_wit_informative,145,474,False,10,226.0,0.0021449359573749217,6.995596737227253
P6_mixed_wit_informative,146,562,True,3,116.0,0.0013709641557067553,6.938714395945137
P6_mixed_wit_informative,147,673,False,10,226.0,0.0018641274562948833,6.995596737227253
P6_mixed_wit_informative,148,618,True,4,186.0,0.0032674786369511996,6.95920146463058
P6_mixed_wit_informative,149,29,False,10,226.0,0.0014666186169399237,6.995596737227253
P6_mixed_wit_informative,150,957,False,10,226.0,0.001150653201392506,6.995596737227253
P6_mixed_wit_informative,151,1066,False,10,226.0,0.0011502911065749085,6.995596737227253
P6_mixed_wit_informative,152,273,False,10,226.0,0.0020597320255753243,6.995596737227253
P6_mixed_wit_informative,153,712,True,2,52.0,0.0015564983855797206,6.92086754301269
P6_mixed_wit_informative,154,180,False,10,226.0,0.0015352456379087414,6.995596737227253
P6_mixed_wit_informative,155,808,False,10,226.0,0.001590078169399554,6.995596737227253
P6_mixed_wit_informative,156,513,True,3,116.0,0.0022695311162970783,6.938714395945137
P6_mixed_wit_informative,157,768,False,10,226.0,0.0028155252042333704,6.995596737227253
P6_mixed_wit_informative,158,854,False,10,226.0,0.0006676543358045235,6.995596737227253
P6_mixed_wit_informative,159,866,True,3,116.0,0.0022129833009604484,6.938714395945137
P6_mixed_wit_informative,160,179,False,10,226.0,0.001613131840973962,6.995596737227253
P6_mixed_wit_informative,161,1118,False,10,226.0,0.0008469955775126736,6.995596737227253
P6_mixed_wit_informative,162,457,False,10,226.0,0.0007307478347190002,6.995596737227253
P6_mixed_wit_informative,163,35,False,10,226.0,0.00157734393490032,6.995596737227253
P6_mixed_wit_informative,164,712,True,2,52.0,0.0015564983855797206,6.92086754301269
P6_mixed_wit_informative,165,569,False,10,226.0,0.0020121995812910558,6.995596737227253
P6_mixed_wit_informative,166,958,False,10,226.0,0.0013160176334904555,6.995596737227253
P6_mixed_wit_informative,167,914,False,10,226.0,0.0022020932306854703,6.995596737227253
P6_mixed_wit_informative,168,525,False,10,226.0,0.0017470970146991212,6.995596737227253
P6_mixed_wit_informative,169,1256,False,10,226.0,0.00037942959456838246,6.995596737227253
P6_mixed_wit_informative,170,515,True,3,116.0,0.0027776221790814155,6.938714395945137
P6_mixed_wit_informative,171,668,True,4,186.0,0.003140478522196676,6.95920146463058
P6_mixed_wit_informative,172,468,True,4,186.0,0.0029706517469807853,6.95920146463058
P6_mixed_wit_informative,173,1200,False,10,226.0,0.00029687749434858623,6.995596737227253
P6_mixed_wit_informative,174,324,False,10,226.0,0.0021565522321584907,6.995596737227253
P6_mixed_wit_informative,175,39,False,10,226.0,0.0012421164749323785,6.995596737227253
P6_mixed_wit_informative,176,617,True,3,116.0,0.0032416226897682755,6.938714395945137
P6_mixed_wit_informative,177,1701,False,10,226.0,5.0255780105154254e-05,6.995596737227253
P6_mixed_wit_informative,178,1059,False,10,226.0,0.0010547807912728868,6.995596737227253
P6_mixed_wit_informative,179,861,False,10,226.0,0.0007756473014670345,6.995596737227253
P6_mixed_wit_informative,180,1059,False,10,226.0,0.0010547807912728868,6.995596737227253
P6_mixed_wit_informative,181,1062,False,10,226.0,0.0011992213022348859,6.995596737227253
P6_mixed_wit_informative,182,670,False,10,226.0,0.0015191332885612777,6.995596737227253
P6_mixed_wit_informative,183,522,False,10,226.0,0.0026350234751476883,6.995596737227253
P6_mixed_wit_informative,184,869,False,10,226.0,0.0019507250201017373,6.995596737227253
P6_mixed_wit_informative,185,769,False,10,226.0,0.002567526604952948,6.995596737227253
P6_mixed_wit_informative,186,570,False,10,226.0,0.0016763422220980638,6.995596737227253
P6_mixed_wit_informative,187,146,False,10,226.0,0.00042069448056298567,6.995596737227253
P6_mixed_wit_informative,188,860,True,3,116.0,0.0018450198482093602,6.938714395945137
P6_mixed_wit_informative,189,470,False,10,226.0,0.0016426836444832617,6.995596737227253
P6_mixed_wit_informative,190,1200,False,10,226.0,0.00029687749434858623,6.995596737227253
P6_mixed_wit_informative,191,464,False,10,226.0,0.0010585667520823336,6.995596737227253
P6_mixed_wit_informative,192,225,False,10,226.0,0.0018462424822920677,6.995596737227253
P6_mixed_wit_informative,193,958,False,10,226.0,0.0013160176334904555,6.995596737227253
P6_mixed_wit_informative,194,314,False,10,226.0,0.0014345790306356848,6.995596737227253
P6_mixed_wit_informative,195,366,False,10,226.0,0.0021612275968946335,6.995596737227253
P6_mixed_wit_informative,196,756,False,10,226.0,0.0010068158894405773,6.995596737227253
P6_mixed_wit_informative,197,1018,False,10,226.0,0.001262946641615011,6.995596737227253
P6_mixed_wit_informative,198,404,False,10,226.0,0.0003556675045834973,6.995596737227253
P6_mixed_wit_informative,199,519,True,4,186.0,0.0031050448265035682,6.95920146463058
P7_mixed_wit_weak,0,875,False,6,230.0,0.0003241935176834517,6.7321623784186935
P7_mixed_wit_weak,1,618,False,6,230.0,0.004981721356217107,6.7321623784186935
P7_mixed_wit_weak,2,1005,False,6,230.0,0.0016820346063984894,6.7321623784186935
P7_mixed_wit_weak,3,812,True,3,212.0,0.001969116600310263,6.660034238527074
P7_mixed_wit_weak,4,142,False,6,230.0,0.0002528894071967869,6.7321623784186935
P7_mixed_wit_weak,5,1501,False,6,230.0,0.00026769705672244213,6.7321623784186935
P7_mixed_wit_weak,6,863,True,3,212.0,0.004031349500515849,6.660034238527074
P7_mixed_wit_weak,7,908,True,5,222.0,0.003006810340862097,6.719474376535815
P7_mixed_wit_weak,8,251,False,6,230.0,0.0004555671642819662,6.7321623784186935
P7_mixed_wit_weak,9,656,False,6,230.0,0.0012541558545395796,6.7321623784186935
P7_mixed_wit_weak,10,569,False,6,230.0,0.004285558327909082,6.7321623784186935
P7_mixed_wit_weak,11,1154,False,6,230.0,0.0010221651447403276,6.7321623784186935
P7_mixed_wit_weak,12,764,True,3,212.0,0.0016233668849989931,6.660034238527074
P7_mixed_wit_weak,13,955,False,6,230.0,0.0017519440507277285,6.7321623784186935
P7_mixed_wit_weak,14,620,False,6,230.0,0.003028156184776218,6.7321623784186935
P7_mixed_wit_weak,15,428,False,6,230.0,0.0005378234873342414,6.7321623784186935
P7_mixed_wit_weak,16,712,True,3,212.0,0.0013880210615739646,6.660034238527074
P7_mixed_wit_weak,17,76,False,6,230.0,0.0011616522629582305,6.7321623784186935
P7_mixed_wit_weak,18,957,False,6,230.0,0.0023592013888574016,6.7321623784186935
P7_mixed_wit_weak,19,762,True,1,12.0,0.0052338192853151255,6.5615708459633995
P7_mixed_wit_weak,20,862,False,6,230.0,0.0018253116921863465,6.7321623784186935
P7_mixed_wit_weak,21,566,False,6,230.0,0.003099057869338195,6.7321623784186935
P7_mixed_wit_weak,22,1417,False,6,230.0,0.00016345447446481216,6.7321623784186935
P7_mixed_wit_weak,23,1061,False,6,230.0,0.0014049952909334694,6.7321623784186935
P7_mixed_wit_weak,24,904,False,6,230.0,0.001305180247210083,6.7321623784186935
P7_mixed_wit_weak,25,379,False,6,230.0,0.0005279999904554609,6.7321623784186935
P7_mixed_wit_weak,26,661,True,1,12.0,0.004352651213277878,6.5615708459633995
P7_mixed_wit_weak,27,38,False,6,230.0,0.001460952304064801,6.7321623784186935
P7_mixed_wit_weak,28,315,False,6,230.0,0.00155564677068391,6.7321623784186935
P7_mixed_wit_weak,29,810,True,2,84.0,0.004043131487548255,6.588552020538429
P7_mixed_wit_weak,30,860,True,3,212.0,0.0039317020805349,6.660034238527074
P7_mixed_wit_weak,31,1374,False,6,230.0,0.00019724359290174029,6.7321623784186935
P7_mixed_wit_weak,32,560,True,2,84.0,0.002369899324008891,6.588552020538429
P7_mixed_wit_weak,33,569,False,6,230.0,0.004285558327909082,6.7321623784186935
P7_mixed_wit_weak,34,662,True,1,12.0,0.005170771782288856,6.5615708459633995
P7_mixed_wit_weak,35,372,False,6,230.0,0.002441551226800594,6.7321623784186935
P7_mixed_wit_weak,36,257,False,6,230.0,0.0006738648425641644,6.7321623784186935
P7_mixed_wit_weak,37,662,True,1,12.0,0.005170771782288856,6.5615708459633995
P7_mixed_wit_weak,38,426,False,6,230.0,0.0009095556435363962,6.7321623784186935
P7_mixed_wit_weak,39,807,False,6,230.0,0.0025398380225428365,6.7321623784186935
P7_mixed_wit_weak,40,618,False,6,230.0,0.004981721356217107,6.7321623784186935
P7_mixed_wit_weak,41,959,False,6,230.0,0.002750357525166295,6.7321623784186935
P7_mixed_wit_weak,42,812,False,6,230.0,0.0008502826864033552,6.7321623784186935
P7_mixed_wit_weak,43,520,False,6,230.0,0.0035815735461469087,6.7321623784186935
P7_mixed_wit_weak,44,959,False,6,230.0,0.002750357525166295,6.7321623784186935
P7_mixed_wit_weak,45,913,False,6,230.0,0.003447634480124867,6.7321623784186935
P7_mixed_wit_weak,46,610,True,2,84.0,0.0029446561995094193,6.588552020538429
P7_mixed_wit_weak,47,515,False,6,230.0,0.002490600829367955,6.7321623784186935
P7_mixed_wit_weak,48,810,True,2,84.0,0.004043131487548255,6.588552020538429
P7_mixed_wit_weak,49,273,False,6,230.0,0.001891574695964698,6.7321623784186935
P7_mixed_wit_weak,50,410,False,6,230.0,0.001486954380576287,6.7321623784186935
P7_mixed_wit_weak,51,3,False,6,230.0,0.0009244280656855867,6.7321623784186935
P7_mixed_wit_weak,52,908,False,6,230.0,0.0016380682232714082,6.7321623784186935
P7_mixed_wit_weak,53,800,False,6,230.0,0.0003548145622762144,6.7321623784186935
P7_mixed_wit_weak,54,813,True,3,212.0,0.0020374546523296306,6.660034238527074
P7_mixed_wit_weak,55,906,False,6,230.0,0.0021367849133479317,6.7321623784186935
P7_mixed_wit_weak,56,660,True,2,84.0,0.0035283802491466987,6.588552020538429
P7_mixed_wit_weak,57,714,True,1,12.0,0.0056980375673213535,6.5615708459633995
P7_mixed_wit_weak,58,273,False,6,230.0,0.001891574695964698,6.7321623784186935
P7_mixed_wit_weak,59,210,False,6,230.0,0.0006855588492796707,6.7321623784186935
P7_mixed_wit_weak,60,806,False,6,230.0,0.0018607128931727524,6.7321623784186935
P7_mixed_wit_weak,61,662,True,2,84.0,0.003239774269598453,6.588552020538429
P7_mixed_wit_weak,62,713,True,3,212.0,0.0016556696242239653,6.660034238527074
P7_mixed_wit_weak,63,864,True,3,212.0,0.003664107377711988,6.660034238527074
P7_mixed_wit_weak,64,762,True,3,212.0,0.0014075213425313864,6.660034238527074
P7_mixed_wit_weak,65,712,True,3,212.0,0.0013880210615739646,6.660034238527074
P7_mixed_wit_weak,66,713,True,1,12.0,0.00577650553607662,6.5615708459633995
P7_mixed_wit_weak,67,518,False,6,230.0,0.005048357984678429,6.7321623784186935
P7_mixed_wit_weak,68,33,False,6,230.0,0.0022973289320742636,6.7321623784186935
P7_mixed_wit_weak,69,617,True,4,216.0,0.005840108407068567,6.712317585996544
P7_mixed_wit_weak,70,418,False,6,230.0,0.0036839687585698173,6.7321623784186935
P7_mixed_wit_weak,71,613,True,2,84.0,0.005299478345420339,6.588552020538429
P7_mixed_wit_weak,72,1002,False,6,230.0,0.0010769477260109339,6.7321623784186935
P7_mixed_wit_weak,73,460,False,6,230.0,0.0018544037888501082,6.7321623784186935
P7_mixed_wit_weak,74,59,False,6,230.0,0.0005154671525580143,6.7321623784186935
P7_mixed_wit_weak,75,513,False,6,230.0,0.0016972365245618945,6.7321623784186935
P7_mixed_wit_weak,76,516,False,6,230.0,0.002761355141700564,6.7321623784186935
P7_mixed_wit_weak,77,770,False,6,230.0,0.0019122210837374187,6.7321623784186935
P7_mixed_wit_weak,78,712,True,2,84.0,0.00340385898640499,6.588552020538429
P7_mixed_wit_weak,79,907,False,6,230.0,0.0026081075615127383,6.7321623784186935
P7_mixed_wit_weak,80,789,False,6,230.0,1.773631347343793e-05,6.7321623784186935
P7_mixed_wit_weak,81,613,True,3,212.0,0.002299862113383574,6.660034238527074
P7_mixed_wit_weak,82,919,False,6,230.0,0.0012636271392366066,6.7321623784186935
P7_mixed_wit_weak,83,327,False,6,230.0,0.0010858768840089003,6.7321623784186935
P7_mixed_wit_weak,84,30,False,6,230.0,0.0019005058712961663,6.7321623784186935
P7_mixed_wit_weak,85,129,False,6,230.0,0.0015945118039049412,6.7321623784186935
P7_mixed_wit_weak,86,821,False,6,230.0,0.0011964732680909422,6.7321623784186935
P7_mixed_wit_weak,87,660,True,3,212.0,0.0012541985994207476,6.660034238527074
P7_mixed_wit_weak,88,322,False,6,230.0,0.0022289456477374127,6.7321623784186935
P7_mixed_wit_weak,89,665,True,3,212.0,0.002925006058109647,6.660034238527074
P7_mixed_wit_weak,90,313,False,6,230.0,0.001284689204364035,6.7321623784186935
P7_mixed_wit_weak,91,812,True,2,84.0,0.004718754550943528,6.588552020538429
P7_mixed_wit_weak,92,624,False,6,230.0,0.0008769034032251635,6.7321623784186935
P7_mixed_wit_weak,93,607,False,6,230.0,0.0015093287197083815,6.7321623784186935
P7_mixed_wit_weak,94,517,False,6,230.0,0.0028615823023847133,6.7321623784186935
P7_mixed_wit_weak,95,762,True,2,84.0,0.003329214724361862,6.588552020538429
P7_mixed_wit_weak,96,567,True,4,216.0,0.005836939646498289,6.712317585996544
P7_mixed_wit_weak,97,127,False,6,230.0,0.0015097212087879365,6.7321623784186935
P7_mixed_wit_weak,98,219,False,6,230.0,0.001096029927898623,6.7321623784186935
P7_mixed_wit_weak,99,1320,False,6,230.0,0.0002376243348165209,6.7321623784186935
P7_mixed_wit_weak,100,1104,False,6,230.0,0.0012445147719949876,6.7321623784186935
P7_mixed_wit_weak,101,812,True,3,212.0,0.001969116600310263,6.660034238527074
P7_mixed_wit_weak,102,473,False,6,230.0,0.0017700617100013106,6.7321623784186935
P7_mixed_wit_weak,103,1400,False,6,230.0,0.0006452063777365396,6.7321623784186935
P7_mixed_wit_weak,104,904,False,6,230.0,0.001305180247210083,6.7321623784186935
P7_mixed_wit_weak,105,816,False,6,230.0,0.0019473677013707882,6.7321623784186935
P7_mixed_wit_weak,106,655,False,6,230.0,0.00091017729518619,6.7321623784186935
P7_mixed_wit_weak,107,508,False,6,230.0,0.0014669593712082474,6.7321623784186935
P7_mixed_wit_weak,108,152,False,6,230.0,0.0005566706621796345,6.7321623784186935
P7_mixed_wit_weak,109,1101,False,6,230.0,0.0011543293122076325,6.7321623784186935
P7_mixed_wit_weak,110,659,True,3,212.0,0.0029190615756872185,6.660034238527074
P7_mixed_wit_weak,111,412,False,6,230.0,0.0020251624454151597,6.7321623784186935
P7_mixed_wit_weak,112,518,False,6,230.0,0.005048357984678429,6.7321623784186935
P7_mixed_wit_weak,113,715,False,6,230.0,0.001441693629408897,6.7321623784186935
P7_mixed_wit_weak,114,364,False,6,230.0,0.001954670463453692,6.7321623784186935
P7_mixed_wit_weak,115,1004,False,6,230.0,0.0014825064615170784,6.7321623784186935
P7_mixed_wit_weak,116,862,False,6,230.0,0.0018253116921863465,6.7321623784186935
P7_mixed_wit_weak,117,818,False,6,230.0,0.0025868780459760766,6.7321623784186935
P7_mixed_wit_weak,118,617,True,4,216.0,0.005840108407068567,6.712317585996544
P7_mixed_wit_weak,119,762,True,1,12.0,0.0052338192853151255,6.5615708459633995
P7_mixed_wit_weak,120,716,True,3,212.0,0.005152773369205953,6.660034238527074
P7_mixed_wit_weak,121,765,True,2,84.0,0.0046459491738213175,6.588552020538429
P7_mixed_wit_weak,122,121,False,6,230.0,0.0007257675455577339,6.7321623784186935
P7_mixed_wit_weak,123,614,True,2,84.0,0.005708306232736427,6.588552020538429
P7_mixed_wit_weak,124,37,False,6,230.0,0.0016878794092387206,6.7321623784186935
P7_mixed_wit_weak,125,664,False,6,230.0,0.0008890393330268184,6.7321623784186935
P7_mixed_wit_weak,126,561,True,2,84.0,0.0030215022167687984,6.588552020538429
P7_mixed_wit_weak,127,277,False,6,230.0,0.0013127905948338526,6.7321623784186935
P7_mixed_wit_weak,128,174,False,6,230.0,0.0013772609994193992,6.7321623784186935
P7_mixed_wit_weak,129,717,False,6,230.0,0.004854908154261706,6.7321623784186935
P7_mixed_wit_weak,130,356,False,6,230.0,0.0007248571635274271,6.7321623784186935
P7_mixed_wit_weak,131,1152,False,6,230.0,0.0011314267080265608,6.7321623784186935
P7_mixed_wit_weak,132,715,False,6,230.0,0.001441693629408897,6.7321623784186935
P7_mixed_wit_weak,133,565,True,3,212.0,0.002610603296032878,6.660034238527074
P7_mixed_wit_weak,134,718,False,6,230.0,0.0038776012668822377,6.7321623784186935
P7_mixed_wit_weak,135,30,False,6,230.0,0.0019005058712961663,6.7321623784186935
P7_mixed_wit_weak,136,1301,False,6,230.0,0.0007769905015325707,6.7321623784186935
P7_mixed_wit_weak,137,663,True,2,84.0,0.0037013189460160328,6.588552020538429
P7_mixed_wit_weak,138,906,False,6,230.0,0.0021367849133479317,6.7321623784186935
P7_mixed_wit_weak,139,115,False,6,230.0,0.0004910940287247337,6.7321623784186935
P7_mixed_wit_weak,140,663,True,1,12.0,0.005725411839750153,6.5615708459633995
P7_mixed_wit_weak,141,664,True,2,84.0,0.0039420922516091444,6.588552020538429
P7_mixed_wit_weak,142,1201,False,6,230.0,0.001089220643897702,6.7321623784186935
P7_mixed_wit_weak,143,714,True,1,12.0,0.0056980375673213535,6.5615708459633995
P7_mixed_wit_weak,144,662,True,1,12.0,0.005170771782288856,6.5615708459633995
P7_mixed_wit_weak,145,474,False,6,230.0,0.0013274589922310915,6.7321623784186935
P7_mixed_wit_weak,146,562,False,6,230.0,0.0006633771687913849,6.7321623784186935
P7_mixed_wit_weak,147,673,False,6,230.0,0.0010569032129181608,6.7321623784186935
P7_mixed_wit_weak,148,618,False,6,230.0,0.004981721356217107,6.7321623784186935
P7_mixed_wit_weak,149,29,False,6,230.0,0.0016434800683791807,6.7321623784186935
P7_mixed_wit_weak,150,957,False,6,230.0,0.0023592013888574016,6.7321623784186935
P7_mixed_wit_weak,151,1066,False,6,230.0,0.0009093625022924924,6.7321623784186935
P7_mixed_wit_weak,152,273,False,6,230.0,0.001891574695964698,6.7321623784186935
P7_mixed_wit_weak,153,712,True,1,12.0,0.005448699030089235,6.5615708459633995
P7_mixed_wit_weak,154,180,False,6,230.0,0.0012466905224089672,6.7321623784186935
P7_mixed_wit_weak,155,808,False,6,230.0,0.0033544518996021853,6.7321623784186935
P7_mixed_wit_weak,156,513,False,6,230.0,0.0016972365245618945,6.7321623784186935
P7_mixed_wit_weak,157,768,False,6,230.0,0.0032181220186643707,6.7321623784186935
P7_mixed_wit_weak,158,854,False,6,230.0,0.0011325730275523137,6.7321623784186935
P7_mixed_wit_weak,159,866,False,6,230.0,0.0015035071446083629,6.7321623784186935
P7_mixed_wit_weak,160,179,False,6,230.0,0.0013966502072956103,6.7321623784186935
P7_mixed_wit_weak,161,1118,False,6,230.0,0.0005588769838345402,6.7321623784186935
P7_mixed_wit_weak,162,457,False,6,230.0,0.0010306548982143145,6.7321623784186935
P7_mixed_wit_weak,163,35,False,6,230.0,0.002101959703711633,6.7321623784186935
P7_mixed_wit_weak,164,712,True,2,84.0,0.00340385898640499,6.588552020538429
P7_mixed_wit_weak,165,569,False,6,230.0,0.004285558327909082,6.7321623784186935
P7_mixed_wit_weak,166,958,False,6,230.0,0.002591821179671632,6.7321623784186935
P7_mixed_wit_weak,167,914,False,6,230.0,0.0031055645294647263,6.7321623784186935
P7_mixed_wit_weak,168,525,False,6,230.0,0.0008452134653731035,6.7321623784186935
P7_mixed_wit_weak,169,1256,False,6,230.0,0.00044600137387139116,6.7321623784186935
P7_mixed_wit_weak,170,515,False,6,230.0,0.002490600829367955,6.7321623784186935
P7_mixed_wit_weak,171,668,False,6,230.0,0.004498386504523058,6.7321623784186935
P7_mixed_wit_weak,172,468,False,6,230.0,0.004502185815871294,6.7321623784186935
P7_mixed_wit_weak,173,1200,False,6,230.0,0.0011962734676912359,6.7321623784186935
P7_mixed_wit_weak,174,324,False,6,230.0,0.0018667729612738624,6.7321623784186935
P7_mixed_wit_weak,175,39,False,6,230.0,0.0012490134008164226,6.7321623784186935
P7_mixed_wit_weak,176,617,True,4,216.0,0.005840108407068567,6.712317585996544
P7_mixed_wit_weak,177,1701,False,6,230.0,0.00013614101693520974,6.7321623784186935
P7_mixed_wit_weak,178,1059,False,6,230.0,0.0015148926175079021,6.7321623784186935
P7_mixed_wit_weak,179,861,False,6,230.0,0.0016315034201630006,6.7321623784186935
P7_mixed_wit_weak,180,1059,False,6,230.0,0.0015148926175079021,6.7321623784186935
P7_mixed_wit_weak,181,1062,False,6,230.0,0.0013243587234163096,6.7321623784186935
P7_mixed_wit_weak,182,670,False,6,230.0,0.0026557748112077065,6.7321623784186935
P7_mixed_wit_weak,183,522,False,6,230.0,0.0021041832634907127,6.7321623784186935
P7_mixed_wit_weak,184,869,False,6,230.0,0.0016131045171766142,6.7321623784186935
P7_mixed_wit_weak,185,769,False,6,230.0,0.002503455747471833,6.7321623784186935
P7_mixed_wit_weak,186,570,False,6,230.0,0.0033603451215001062,6.7321623784186935
P7_mixed_wit_weak,187,146,False,6,230.0,0.00018480696958141662,6.7321623784186935
P7_mixed_wit_weak,188,860,False,6,230.0,0.0008361539466202131,6.7321623784186935
P7_mixed_wit_weak,189,470,False,6,230.0,0.0035968993659691467,6.7321623784186935
P7_mixed_wit_weak,190,1200,False,6,230.0,0.0011962734676912359,6.7321623784186935
P7_mixed_wit_weak,191,464,False,6,230.0,0.003715657352877118,6.7321623784186935
P7_mixed_wit_weak,192,225,False,6,230.0,0.0016692170735968116,6.7321623784186935
P7_mixed_wit_weak,193,958,False,6,230.0,0.002591821179671632,6.7321623784186935
P7_mixed_wit_weak,194,314,False,6,230.0,0.0014127212315752024,6.7321623784186935
P7_mixed_wit_weak,195,366,False,6,230.0,0.002426040802889079,6.7321623784186935
P7_mixed_wit_weak,196,756,False,6,230.0,0.00163782694976418,6.7321623784186935
P7_mixed_wit_weak,197,1018,False,6,230.0,0.0009166013462879309,6.7321623784186935
P7_mixed_wit_weak,198,404,False,6,230.0,0.000552403706392212,6.7321623784186935
P7_mixed_wit_weak,199,519,False,6,230.0,0.004374777859340562,6.7321623784186935
P8_mixed_wit_vague,0,875,False,10,223.0,8.232983418481612e-05,6.50757535607341
P8_mixed_wit_vague,1,618,False,10,223.0,0.004885743565130812,6.50757535607341
P8_mixed_wit_vague,2,1005,False,10,223.0,0.0021161757158469877,6.50757535607341
P8_mixed_wit_vague,3,812,True,2,123.0,0.0071359391012542845,6.367283513858261
P8_mixed_wit_vague,4,142,False,10,223.0,6.114873164079128e-05,6.50757535607341
P8_mixed_wit_vague,5,1501,False,10,223.0,0.0002505707799914118,6.50757535607341
P8_mixed_wit_vague,6,863,True,4,180.0,0.004748391769266577,6.403496650352341
P8_mixed_wit_vague,7,908,True,10,223.0,0.004389124312057943,6.494203405260817
P8_mixed_wit_vague,8,251,False,10,223.0,0.0004544897219353589,6.50757535607341
P8_mixed_wit_vague,9,656,False,10,223.0,0.0012888554630074152,6.50757535607341
P8_mixed_wit_vague,10,569,False,10,223.0,0.0038783396848477993,6.50757535607341
P8_mixed_wit_vague,11,1154,False,10,223.0,0.0012036278746526074,6.50757535607341
P8_mixed_wit_vague,12,764,True,2,123.0,0.0020045001096406947,6.367283513858261
P8_mixed_wit_vague,13,955,False,10,223.0,0.002242835532102568,6.50757535607341
P8_mixed_wit_vague,14,620,False,10,223.0,0.002202025102052898,6.50757535607341
P8_mixed_wit_vague,15,428,False,10,223.0,0.00025742155743703964,6.50757535607341
P8_mixed_wit_vague,16,712,True,1,48.0,0.008764030126912592,6.277784995451504
P8_mixed_wit_vague,17,76,False,10,223.0,0.0009197341163407899,6.50757535607341
P8_mixed_wit_vague,18,957,False,10,223.0,0.0032592151611989507,6.50757535607341
P8_mixed_wit_vague,19,762,True,2,123.0,0.0021185823637906898,6.367283513858261
P8_mixed_wit_vague,20,862,True,4,180.0,0.005614004035089058,6.403496650352341
P8_mixed_wit_vague,21,566,False,10,223.0,0.00612688843441969,6.50757535607341
P8_mixed_wit_vague,22,1417,False,10,223.0,0.00010590551962249913,6.50757535607341
P8_mixed_wit_vague,23,1061,False,10,223.0,0.0012145410490358218,6.50757535607341
P8_mixed_wit_vague,24,904,False,10,223.0,0.0013932321527662388,6.50757535607341
P8_mixed_wit_vague,25,379,False,10,223.0,0.0002494982200596406,6.50757535607341
P8_mixed_wit_vague,26,661,True,1,48.0,0.006275712350254142,6.277784995451504
P8_mixed_wit_vague,27,38,False,10,223.0,0.0019274894273872828,6.50757535607341
P8_mixed_wit_vague,28,315,False,10,223.0,0.0012963259150542558,6.50757535607341
P8_mixed_wit_vague,29,810,True,4,180.0,0.0070875757854457645,6.403496650352341
P8_mixed_wit_vague,30,860,True,10,223.0,0.0037238148026039323,6.494203405260817
P8_mixed_wit_vague,31,1374,False,10,223.0,0.00018631476846200687,6.50757535607341
P8_mixed_wit_vague,32,560,True,4,180.0,0.002732882468621334,6.403496650352341
P8_mixed_wit_vague,33,569,False,10,223.0,0.0038783396848477993,6.50757535607341
P8_mixed_wit_vague,34,662,True,1,48.0,0.007975737672092914,6.277784995451504
P8_mixed_wit_vague,35,372,False,10,223.0,0.0021751697342280727,6.50757535607341
P8_mixed_wit_vague,36,257,False,10,223.0,0.00076328154554566,6.50757535607341
P8_mixed_wit_vague,37,662,True,1,48.0,0.007975737672092914,6.277784995451504
P8_mixed_wit_vague,38,426,False,10,223.0,0.0005453673993273334,6.50757535607341
P8_mixed_wit_vague,39,807,False,10,223.0,0.003064159822953665,6.50757535607341
P8_mixed_wit_vague,40,618,False,10,223.0,0.004885743565130812,6.50757535607341
P8_mixed_wit_vague,41,959,False,10,223.0,0.003470932951998501,6.50757535607341
P8_mixed_wit_vague,42,812,True,2,123.0,0.0071359391012542845,6.367283513858261
P8_mixed_wit_vague,43,520,False,10,223.0,0.0028927283196671792,6.50757535607341
P8_mixed_wit_vague,44,959,False,10,223.0,0.003470932951998501,6.50757535607341
P8_mixed_wit_vague,45,913,False,10,223.0,0.003504776479800283,6.50757535607341
P8_mixed_wit_vague,46,610,True,4,180.0,0.003871851243881561,6.403496650352341
P8_mixed_wit_vague,47,515,False,10,223.0,0.000989643791041994,6.50757535607341
P8_mixed_wit_vague,48,810,True,4,180.0,0.0070875757854457645,6.403496650352341
P8_mixed_wit_vague,49,273,False,10,223.0,0.0017199467512920208,6.50757535607341
P8_mixed_wit_vague,50,410,False,10,223.0,0.001528322368915237,6.50757535607341
P8_mixed_wit_vague,51,3,False,10,223.0,0.0017006302971111264,6.50757535607341
P8_mixed_wit_vague,52,908,False,10,223.0,0.0012956674764233733,6.50757535607341
P8_mixed_wit_vague,53,800,False,10,223.0,0.0006338999740287032,6.50757535607341
P8_mixed_wit_vague,54,813,True,2,123.0,0.006314016546041731,6.367283513858261
P8_mixed_wit_vague,55,906,False,10,223.0,0.0029460827555174134,6.50757535607341
P8_mixed_wit_vague,56,660,False,10,223.0,0.003430733742876409,6.50757535607341
P8_mixed_wit_vague,57,714,True,2,123.0,0.002443024247899542,6.367283513858261
P8_mixed_wit_vague,58,273,False,10,223.0,0.0017199467512920208,6.50757535607341
P8_mixed_wit_vague,59,210,False,10,223.0,0.0006491422661152743,6.50757535607341
P8_mixed_wit_vague,60,806,False,10,223.0,0.0019392611774434302,6.50757535607341
P8_mixed_wit_vague,61,662,True,1,48.0,0.007975737672092914,6.277784995451504
P8_mixed_wit_vague,62,713,True,4,180.0,0.0006804971672591358,6.403496650352341
P8_mixed_wit_vague,63,864,False,10,223.0,0.00280553818244154,6.50757535607341
P8_mixed_wit_vague,64,762,True,1,48.0,0.008044290495153683,6.277784995451504
P8_mixed_wit_vague,65,712,True,1,48.0,0.008764030126912592,6.277784995451504
P8_mixed_wit_vague,66,713,True,1,48.0,0.008828201972292917,6.277784995451504
P8_mixed_wit_vague,67,518,False,10,223.0,0.005905372924878275,6.50757535607341
P8_mixed_wit_vague,68,33,False,10,223.0,0.004619205244972128,6.50757535607341
P8_mixed_wit_vague,69,617,True,6,190.0,0.006570448216781045,6.471858901211051
P8_mixed_wit_vague,70,418,False,10,223.0,0.0034944016934660427,6.50757535607341
P8_mixed_wit_vague,71,613,True,2,123.0,0.0020067603001864974,6.367283513858261
P8_mixed_wit_vague,72,1002,False,10,223.0,0.0015316907514895631,6.50757535607341
P8_mixed_wit_vague,73,460,False,10,223.0,0.0018306585049475406,6.50757535607341
P8_mixed_wit_vague,74,59,False,10,223.0,0.0004253932911950034,6.50757535607341
P8_mixed_wit_vague,75,513,False,10,223.0,0.004690462580032605,6.50757535607341
P8_mixed_wit_vague,76,516,False,10,223.0,0.0012202232257969936,6.50757535607341
P8_mixed_wit_vague,77,770,False,10,223.0,0.0013301104199214273,6.50757535607341
P8_mixed_wit_vague,78,712,True,1,48.0,0.008764030126912592,6.277784995451504
P8_mixed_wit_vague,79,907,False,10,223.0,0.0038922914703942682,6.50757535607341
P8_mixed_wit_vague,80,789,False,10,223.0,1.2295909674174707e-05,6.50757535607341
P8_mixed_wit_vague,81,613,False,10,223.0,0.00038616340658162435,6.50757535607341
P8_mixed_wit_vague,82,919,False,10,223.0,0.0008892518058280075,6.50757535607341
P8_mixed_wit_vague,83,327,False,10,223.0,0.0006902446461143642,6.50757535607341
P8_mixed_wit_vague,84,30,False,10,223.0,0.003202283573720618,6.50757535607341
P8_mixed_wit_vague,85,129,False,10,223.0,0.001353885120253013,6.50757535607341
P8_mixed_wit_vague,86,821,False,10,223.0,0.0006913081990291684,6.50757535607341
P8_mixed_wit_vague,87,660,True,4,180.0,0.0052788038580132545,6.403496650352341
P8_mixed_wit_vague,88,322,False,10,223.0,0.0020371219480632852,6.50757535607341
P8_mixed_wit_vague,89,665,True,4,180.0,0.0027757594784478925,6.403496650352341
P8_mixed_wit_vague,90,313,False,10,223.0,0.0011587478145355932,6.50757535607341
P8_mixed_wit_vague,91,812,False,10,223.0,0.001269630913824167,6.50757535607341
P8_mixed_wit_vague,92,624,False,10,223.0,0.00042963365725146155,6.50757535607341
P8_mixed_wit_vague,93,607,False,10,223.0,0.0016756374951149983,6.50757535607341
P8_mixed_wit_vague,94,517,True,9,205.0,0.006573751384258465,6.485156361839152
P8_mixed_wit_vague,95,762,True,4,180.0,0.0005458802274511719,6.403496650352341
P8_mixed_wit_vague,96,567,False,10,223.0,0.002817529102815254,6.50757535607341
P8_mixed_wit_vague,97,127,False,10,223.0,0.0012135538345058024,6.50757535607341
P8_mixed_wit_vague,98,219,False,10,223.0,0.0006741800109205058,6.50757535607341
P8_mixed_wit_vague,99,1320,False,10,223.0,0.00019012568474589147,6.50757535607341
P8_mixed_wit_vague,100,1104,False,10,223.0,0.0015744309155712698,6.50757535607341
P8_mixed_wit_vague,101,812,True,2,123.0,0.0071359391012542845,6.367283513858261
P8_mixed_wit_vague,102,473,False,10,223.0,0.0010011627385347723,6.50757535607341
P8_mixed_wit_vague,103,1400,False,10,223.0,0.0015598416026822515,6.50757535607341
P8_mixed_wit_vague,104,904,False,10,223.0,0.0013932321527662388,6.50757535607341
P8_mixed_wit_vague,105,816,False,10,223.0,0.002608250180430304,6.50757535607341
P8_mixed_wit_vague,106,655,False,10,223.0,0.0008609971652813971,6.50757535607341
P8_mixed_wit_vague,107,508,False,10,223.0,0.0017042975900164882,6.50757535607341
P8_mixed_wit_vague,108,152,False,10,223.0,0.0004270961283332261,6.50757535607341
P8_mixed_wit_vague,109,1101,False,10,223.0,0.002403936435630539,6.50757535607341
P8_mixed_wit_vague,110,659,True,4,180.0,0.003602700359190701,6.403496650352341
P8_mixed_wit_vague,111,412,False,10,223.0,0.0018869142467360196,6.50757535607341
P8_mixed_wit_vague,112,518,False,10,223.0,0.005905372924878275,6.50757535607341
P8_mixed_wit_vague,113,715,False,10,223.0,0.0018861270200304548,6.50757535607341
P8_mixed_wit_vague,114,364,False,10,223.0,0.001823622495673213,6.50757535607341
P8_mixed_wit_vague,115,1004,False,10,223.0,0.0018875920296182137,6.50757535607341
P8_mixed_wit_vague,116,862,False,10,223.0,0.003955539377582939,6.50757535607341
P8_mixed_wit_vague,117,818,False,10,223.0,0.002126661279255719,6.50757535607341
P8_mixed_wit_vague,118,617,True,6,190.0,0.006570448216781045,6.471858901211051
P8_mixed_wit_vague,119,762,True,1,48.0,0.008044290495153683,6.277784995451504
P8_mixed_wit_vague,120,716,False,10,223.0,0.004700496097125478,6.50757535607341
P8_mixed_wit_vague,121,765,True,2,123.0,0.005519584252274178,6.367283513858261
P8_mixed_wit_vague,122,121,False,10,223.0,0.0005418856039934819,6.50757535607341
P8_mixed_wit_vague,123,614,True,1,48.0,0.007987147990100595,6.277784995451504
P8_mixed_wit_vague,124,37,False,10,223.0,0.0023821353220186965,6.50757535607341
P8_mixed_wit_vague,125,664,True,4,180.0,0.0007831539554040563,6.403496650352341
P8_mixed_wit_vague,126,561,False,10,223.0,0.0024616821998947112,6.50757535607341
P8_mixed_wit_vague,127,277,False,10,223.0,0.0009146560003840096,6.50757535607341
P8_mixed_wit_vague,128,174,False,10,223.0,0.0009310337333513584,6.50757535607341
P8_mixed_wit_vague,129,717,False,10,223.0,0.00487034385926632,6.50757535607341
P8_mixed_wit_vague,130,356,False,10,223.0,0.0009448821865456494,6.50757535607341
P8_mixed_wit_vague,131,1152,False,10,223.0,0.002025186782734858,6.50757535607341
P8_mixed_wit_vague,132,715,True,4,180.0,0.0024267219269186813,6.403496650352341
P8_mixed_wit_vague,133,565,True,4,180.0,0.008100531364952228,6.403496650352341
P8_mixed_wit_vague,134,718,False,10,223.0,0.0034445191504017527,6.50757535607341
P8_mixed_wit_vague,135,30,False,10,223.0,0.003202283573720618,6.50757535607341
P8_mixed_wit_vague,136,1301,False,10,223.0,0.0013155713830164469,6.50757535607341
P8_mixed_wit_vague,137,663,False,10,223.0,0.00047455627228208664,6.50757535607341
P8_mixed_wit_vague,138,906,False,10,223.0,0.0029460827555174134,6.50757535607341
P8_mixed_wit_vague,139,115,False,10,223.0,0.00045296086410126583,6.50757535607341
P8_mixed_wit_vague,140,663,True,1,48.0,0.008810055012527669,6.277784995451504
P8_mixed_wit_vague,141,664,True,1,48.0,0.008571514629536245,6.277784995451504
P8_mixed_wit_vague,142,1201,False,10,223.0,0.0023472254487915643,6.50757535607341
P8_mixed_wit_vague,143,714,True,2,123.0,0.002443024247899542,6.367283513858261
P8_mixed_wit_vague,144,662,True,1,48.0,0.007975737672092914,6.277784995451504
P8_mixed_wit_vague,145,474,False,10,223.0,0.0007475117440022082,6.50757535607341
P8_mixed_wit_vague,146,562,True,4,180.0,0.0048163274464430505,6.403496650352341
P8_mixed_wit_vague,147,673,False,10,223.0,0.0005562486093829512,6.50757535607341
P8_mixed_wit_vague,148,618,False,10,223.0,0.004885743565130812,6.50757535607341
P8_mixed_wit_vague,149,29,False,10,223.0,0.002390178709647732,6.50757535607341
P8_mixed_wit_vague,150,957,False,10,223.0,0.0032592151611989507,6.50757535607341
P8_mixed_wit_vague,151,1066,False,10,223.0,0.0006172896866105782,6.50757535607341
P8_mixed_wit_vague,152,273,False,10,223.0,0.0017199467512920208,6.50757535607341
P8_mixed_wit_vague,153,712,True,2,123.0,0.0021863940657377546,6.367283513858261
P8_mixed_wit_vague,154,180,False,10,223.0,0.000815069229294669,6.50757535607341
P8_mixed_wit_vague,155,808,False,10,223.0,0.001349505296272532,6.50757535607341
P8_mixed_wit_vague,156,513,False,10,223.0,0.004690462580032605,6.50757535607341
P8_mixed_wit_vague,157,768,False,10,223.0,0.0027794798513093187,6.50757535607341
P8_mixed_wit_vague,158,854,False,10,223.0,0.001082504741901805,6.50757535607341
P8_mixed_wit_vague,159,866,False,10,223.0,0.0017985524482095438,6.50757535607341
P8_mixed_wit_vague,160,179,False,10,223.0,0.000986985860845868,6.50757535607341
P8_mixed_wit_vague,161,1118,False,10,223.0,0.00038844125253608813,6.50757535607341
P8_mixed_wit_vague,162,457,False,10,223.0,0.0012660116371470687,6.50757535607341
P8_mixed_wit_vague,163,35,False,10,223.0,0.003640885456789419,6.50757535607341
P8_mixed_wit_vague,164,712,False,10,223.0,0.00037146311310988663,6.50757535607341
P8_mixed_wit_vague,165,569,False,10,223.0,0.0038783396848477993,6.50757535607341
P8_mixed_wit_vague,166,958,False,10,223.0,0.003436287413960232,6.50757535607341
P8_mixed_wit_vague,167,914,False,10,223.0,0.002739899466211335,6.50757535607341
P8_mixed_wit_vague,168,525,False,10,223.0,0.00042981721906303435,6.50757535607341
P8_mixed_wit_vague,169,1256,False,10,223.0,0.00029663400584551433,6.50757535607341
P8_mixed_wit_vague,170,515,True,5,184.0,0.006417643702200567,6.464145098360826
P8_mixed_wit_vague,171,668,False,10,223.0,0.004121531206990285,6.50757535607341
P8_mixed_wit_vague,172,468,False,10,223.0,0.0050097370762153684,6.50757535607341
P8_mixed_wit_vague,173,1200,False,10,223.0,0.0015523529893489308,6.50757535607341
P8_mixed_wit_vague,174,324,False,10,223.0,0.0017789337359066534,6.50757535607341
P8_mixed_wit_vague,175,39,False,10,223.0,0.0016278773508646208,6.50757535607341
P8_mixed_wit_vague,176,617,False,10,223.0,0.0026640889622604794,6.50757535607341
P8_mixed_wit_vague,177,1701,False,10,223.0,0.00046349756219190723,6.50757535607341
P8_mixed_wit_vague,178,1059,False,10,223.0,0.0014848096254282527,6.50757535607341
P8_mixed_wit_vague,179,861,False,10,223.0,0.004019028333889592,6.50757535607341
P8_mixed_wit_vague,180,1059,False,10,223.0,0.0014848096254282527,6.50757535607341
P8_mixed_wit_vague,181,1062,False,10,223.0,0.0010591405830245794,6.50757535607341
P8_mixed_wit_vague,182,670,False,10,223.0,0.001955905490514317,6.50757535607341
P8_mixed_wit_vague,183,522,False,10,223.0,0.0011305430597862813,6.50757535607341
P8_mixed_wit_vague,184,869,False,10,223.0,0.0011924417266234038,6.50757535607341
P8_mixed_wit_vague,185,769,False,10,223.0,0.0019599745267974028,6.50757535607341
P8_mixed_wit_vague,186,570,False,10,223.0,0.0024854906723556563,6.50757535607341
P8_mixed_wit_vague,187,146,False,10,223.0,2.588124784506657e-05,6.50757535607341
P8_mixed_wit_vague,188,860,True,10,223.0,0.0037238148026039323,6.494203405260817
P8_mixed_wit_vague,189,470,False,10,223.0,0.0032858645696905624,6.50757535607341
P8_mixed_wit_vague,190,1200,True,8,193.0,0.0036542458531418974,6.483030986816768
P8_mixed_wit_vague,191,464,False,10,223.0,0.003899595520488805,6.50757535607341
P8_mixed_wit_vague,192,225,False,10,223.0,0.001462497963055052,6.50757535607341
P8_mixed_wit_vague,193,958,False,10,223.0,0.003436287413960232,6.50757535607341
P8_mixed_wit_vague,194,314,False,10,223.0,0.0012341174780553616,6.50757535607341
P8_mixed_wit_vague,195,366,False,10,223.0,0.0020846897434866887,6.50757535607341
P8_mixed_wit_vague,196,756,False,10,223.0,0.001572601163713121,6.50757535607341
P8_mixed_wit_vague,197,1018,False,10,223.0,0.0006206056656552334,6.50757535607341
P8_mixed_wit_vague,198,404,False,10,223.0,0.0005335731379401054,6.50757535607341
P8_mixed_wit_vague,199,519,False,10,223.0,0.004425138022492866,6.50757535607341
P9_mixed_wit_uniform30,0,875,False,7,230.0,0.0007492140877769541,7.24646785566674
P9_mixed_wit_uniform30,1,618,True,4,208.0,0.0024526162663689568,7.231522390766254
P9_mixed_wit_uniform30,2,1005,False,7,230.0,0.0007100631268854837,7.24646785566674
P9_mixed_wit_uniform30,3,812,False,7,230.0,0.0004648451355282164,7.24646785566674
P9_mixed_wit_uniform30,4,142,False,7,230.0,0.0005804873068662239,7.24646785566674
P9_mixed_wit_uniform30,5,1501,False,7,230.0,0.0002718332005021202,7.24646785566674
P9_mixed_wit_uniform30,6,863,True,3,168.0,0.0017879444078207345,7.220874714006469
P9_mixed_wit_uniform30,7,908,False,7,230.0,0.001160380199140906,7.24646785566674
P9_mixed_wit_uniform30,8,251,False,7,230.0,0.00031681689545270155,7.24646785566674
P9_mixed_wit_uniform30,9,656,False,7,230.0,0.0007749962324647808,7.24646785566674
P9_mixed_wit_uniform30,10,569,False,7,230.0,0.002425937848355981,7.24646785566674
P9_mixed_wit_uniform30,11,1154,False,7,230.0,0.0005191281214826001,7.24646785566674
P9_mixed_wit_uniform30,12,764,True,1,32.0,0.0020952735853772765,7.195154467844734
P9_mixed_wit_uniform30,13,955,False,7,230.0,0.0007420744533282433,7.24646785566674
P9_mixed_wit_uniform30,14,620,False,7,230.0,0.0021969101734227434,7.24646785566674
P9_mixed_wit_uniform30,15,428,False,7,230.0,0.001047050510395345,7.24646785566674
P9_mixed_wit_uniform30,16,712,True,1,32.0,0.0019302670667467104,7.195154467844734
P9_mixed_wit_uniform30,17,76,False,7,230.0,0.0010932256728454707,7.24646785566674
P9_mixed_wit_uniform30,18,957,False,7,230.0,0.000958721384750029,7.24646785566674
P9_mixed_wit_uniform30,19,762,True,2,104.0,0.0007438235214029561,7.2081966006388045
P9_mixed_wit_uniform30,20,862,False,7,230.0,0.0011175785254238283,7.24646785566674
P9_mixed_wit_uniform30,21,566,True,4,208.0,0.000829477186275894,7.231522390766254
P9_mixed_wit_uniform30,22,1417,False,7,230.0,0.0003518352479039126,7.24646785566674
P9_mixed_wit_uniform30,23,1061,False,7,230.0,0.0009698096519196621,7.24646785566674
P9_mixed_wit_uniform30,24,904,False,7,230.0,0.0006463220225272735,7.24646785566674
P9_mixed_wit_uniform30,25,379,False,7,230.0,0.0010045455002118677,7.24646785566674
P9_mixed_wit_uniform30,26,661,True,2,104.0,0.001716264684576441,7.2081966006388045
P9_mixed_wit_uniform30,27,38,False,7,230.0,0.0010840498657713556,7.24646785566674
P9_mixed_wit_uniform30,28,315,False,7,230.0,0.0012648060489857107,7.24646785566674
P9_mixed_wit_uniform30,29,810,False,7,230.0,0.000942475637964939,7.24646785566674
P9_mixed_wit_uniform30,30,860,True,3,168.0,0.0014809791715660091,7.220874714006469
P9_mixed_wit_uniform30,31,1374,False,7,230.0,0.00037980899068596884,7.24646785566674
P9_mixed_wit_uniform30,32,560,False,7,230.0,0.0007843994569799816,7.24646785566674
P9_mixed_wit_uniform30,33,569,False,7,230.0,0.002425937848355981,7.24646785566674
P9_mixed_wit_uniform30,34,662,True,1,32.0,0.001900342593487054,7.195154467844734
P9_mixed_wit_uniform30,35,372,False,7,230.0,0.0018656140413545832,7.24646785566674
P9_mixed_wit_uniform30,36,257,False,7,230.0,0.0004986848143253436,7.24646785566674
P9_mixed_wit_uniform30,37,662,True,3,168.0,0.00027989849536692787,7.220874714006469
P9_mixed_wit_uniform30,38,426,False,7,230.0,0.0013432896429281175,7.24646785566674
P9_mixed_wit_uniform30,39,807,False,7,230.0,0.0010613121661664558,7.24646785566674
P9_mixed_wit_uniform30,40,618,True,4,208.0,0.0024526162663689568,7.231522390766254
P9_mixed_wit_uniform30,41,959,False,7,230.0,0.001173631174373812,7.24646785566674
P9_mixed_wit_uniform30,42,812,False,7,230.0,0.0004648451355282164,7.24646785566674
P9_mixed_wit_uniform30,43,520,True,6,216.0,0.0022707281350904424,7.241717673248409
P9_mixed_wit_uniform30,44,959,False,7,230.0,0.001173631174373812,7.24646785566674
P9_mixed_wit_uniform30,45,913,False,7,230.0,0.00165179733833776,7.24646785566674
P9_mixed_wit_uniform30,46,610,True,3,168.0,0.0014284969519559197,7.220874714006469
P9_mixed_wit_uniform30,47,515,False,7,230.0,0.0007069321234687635,7.24646785566674
P9_mixed_wit_uniform30,48,810,False,7,230.0,0.000942475637964939,7.24646785566674
P9_mixed_wit_uniform30,49,273,False,7,230.0,0.0015662673910906485,7.24646785566674
P9_mixed_wit_uniform30,50,410,False,7,230.0,0.0009552390706408667,7.24646785566674
P9_mixed_wit_uniform30,51,3,False,7,230.0,0.00034925575137926434,7.24646785566674
P9_mixed_wit_uniform30,52,908,False,7,230.0,0.001160380199140906,7.24646785566674
P9_mixed_wit_uniform30,53,800,False,7,230.0,0.0003338116114528542,7.24646785566674
P9_mixed_wit_uniform30,54,813,True,2,104.0,0.0019194216160110125,7.2081966006388045
P9_mixed_wit_uniform30,55,906,False,7,230.0,0.0008831728250197405,7.24646785566674
P9_mixed_wit_uniform30,56,660,False,7,230.0,0.0009168296904653251,7.24646785566674
P9_mixed_wit_uniform30,57,714,True,1,32.0,0.002201489376596586,7.195154467844734
P9_mixed_wit_uniform30,58,273,False,7,230.0,0.0015662673910906485,7.24646785566674
P9_mixed_wit_uniform30,59,210,False,7,230.0,0.0005909623803840933,7.24646785566674
P9_mixed_wit_uniform30,60,806,False,7,230.0,0.0008888339187774203,7.24646785566674
P9_mixed_wit_uniform30,61,662,True,1,32.0,0.001900342593487054,7.195154467844734
P9_mixed_wit_uniform30,62,713,True,2,104.0,0.000858198223816624,7.2081966006388045
P9_mixed_wit_uniform30,63,864,False,7,230.0,0.0012450130658492337,7.24646785566674
P9_mixed_wit_uniform30,64,762,True,2,104.0,0.0007438235214029561,7.2081966006388045
P9_mixed_wit_uniform30,65,712,True,3,168.0,0.00028097229418093774,7.220874714006469
P9_mixed_wit_uniform30,66,713,True,2,104.0,0.000858198223816624,7.2081966006388045
P9_mixed_wit_uniform30,67,518,False,7,230.0,0.0013822114405211553,7.24646785566674
P9_mixed_wit_uniform30,68,33,False,7,230.0,0.001289246915778301,7.24646785566674
P9_mixed_wit_uniform30,69,617,True,3,168.0,0.002465492198779472,7.220874714006469
P9_mixed_wit_uniform30,70,418,False,7,230.0,0.0020919615729026275,7.24646785566674
P9_mixed_wit_uniform30,71,613,True,1,32.0,0.002012258071012219,7.195154467844734
P9_mixed_wit_uniform30,72,1002,False,7,230.0,0.000490412096350569,7.24646785566674
P9_mixed_wit_uniform30,73,460,False,7,230.0,0.0010855629185071622,7.24646785566674
P9_mixed_wit_uniform30,74,59,False,7,230.0,0.0004378022217213022,7.24646785566674
P9_mixed_wit_uniform30,75,513,False,7,230.0,0.0011796100746808461,7.24646785566674
P9_mixed_wit_uniform30,76,516,False,7,230.0,0.0008236471802120191,7.24646785566674
P9_mixed_wit_uniform30,77,770,False,7,230.0,0.001723869157796598,7.24646785566674
P9_mixed_wit_uniform30,78,712,True,2,104.0,0.0007321986701262097,7.2081966006388045
P9_mixed_wit_uniform30,79,907,False,7,230.0,0.0010194446294505355,7.24646785566674
P9_mixed_wit_uniform30,80,789,False,7,230.0,0.00026455763068033766,7.24646785566674
P9_mixed_wit_uniform30,81,613,True,2,104.0,0.0008123429088376979,7.2081966006388045
P9_mixed_wit_uniform30,82,919,False,7,230.0,0.0012997032591769838,7.24646785566674
P9_mixed_wit_uniform30,83,327,False,7,230.0,0.0013242820447093488,7.24646785566674
P9_mixed_wit_uniform30,84,30,False,7,230.0,0.0012239348780125454,7.24646785566674
P9_mixed_wit_uniform30,85,129,False,7,230.0,0.0012711746284648085,7.24646785566674
P9_mixed_wit_uniform30,86,821,False,7,230.0,0.0013740388378721544,7.24646785566674
P9_mixed_wit_uniform30,87,660,True,3,168.0,0.001530628970648709,7.220874714006469
P9_mixed_wit_uniform30,88,322,False,7,230.0,0.0017320145547143047,7.24646785566674
P9_mixed_wit_uniform30,89,665,True,1,32.0,0.0023159683058845484,7.195154467844734
P9_mixed_wit_uniform30,90,313,False,7,230.0,0.0010352310495359322,7.24646785566674
P9_mixed_wit_uniform30,91,812,False,7,230.0,0.0004648451355282164,7.24646785566674
P9_mixed_wit_uniform30,92,624,False,7,230.0,0.0013530764578287742,7.24646785566674
P9_mixed_wit_uniform30,93,607,False,7,230.0,0.0008740594509328293,7.24646785566674
P9_mixed_wit_uniform30,94,517,True,3,168.0,0.0023254506786063354,7.220874714006469
P9_mixed_wit_uniform30,95,762,True,1,32.0,0.0018913403452383596,7.195154467844734
P9_mixed_wit_uniform30,96,567,True,4,208.0,0.0018064720274287675,7.231522390766254
P9_mixed_wit_uniform30,97,127,False,7,230.0,0.001252937234887589,7.24646785566674
P9_mixed_wit_uniform30,98,219,False,7,230.0,0.001185145190935295,7.24646785566674
P9_mixed_wit_uniform30,99,1320,False,7,230.0,0.0004325674197809551,7.24646785566674
P9_mixed_wit_uniform30,100,1104,False,7,230.0,0.00056420137220112,7.24646785566674
P9_mixed_wit_uniform30,101,812,True,2,104.0,0.0018239330000945483,7.2081966006388045
P9_mixed_wit_uniform30,102,473,False,7,230.0,0.001805906342933297,7.24646785566674
P9_mixed_wit_uniform30,103,1400,False,7,230.0,0.00031423420658961286,7.24646785566674
P9_mixed_wit_uniform30,104,904,False,7,230.0,0.0006463220225272735,7.24646785566674
P9_mixed_wit_uniform30,105,816,True,2,104.0,0.0019141658696783016,7.2081966006388045
P9_mixed_wit_uniform30,106,655,False,7,230.0,0.0006408678407562836,7.24646785566674
P9_mixed_wit_uniform30,107,508,False,7,230.0,0.0008763733473010854,7.24646785566674
P9_mixed_wit_uniform30,108,152,False,7,230.0,0.0003339825809289075,7.24646785566674
P9_mixed_wit_uniform30,109,1101,False,7,230.0,0.0004358878428190402,7.24646785566674
P9_mixed_wit_uniform30,110,659,False,7,230.0,0.0013639826609005603,7.24646785566674
P9_mixed_wit_uniform30,111,412,False,7,230.0,0.0012583131930017644,7.24646785566674
P9_mixed_wit_uniform30,112,518,False,7,230.0,0.0013822114405211553,7.24646785566674
P9_mixed_wit_uniform30,113,715,True,1,32.0,0.002251508365865177,7.195154467844734
P9_mixed_wit_uniform30,114,364,False,7,230.0,0.0013598854114865106,7.24646785566674
P9_mixed_wit_uniform30,115,1004,False,7,230.0,0.0006300228870310084,7.24646785566674
P9_mixed_wit_uniform30,116,862,False,7,230.0,0.0011175785254238283,7.24646785566674
P9_mixed_wit_uniform30,117,818,False,7,230.0,0.0018500888545916157,7.24646785566674
P9_mixed_wit_uniform30,118,617,True,3,168.0,0.002465492198779472,7.220874714006469
P9_mixed_wit_uniform30,119,762,True,1,32.0,0.0018913403452383596,7.195154467844734
P9_mixed_wit_uniform30,120,716,True,2,104.0,0.0022835939785812494,7.2081966006388045
P9_mixed_wit_uniform30,121,765,False,7,230.0,0.00032889069444112627,7.24646785566674
P9_mixed_wit_uniform30,122,121,False,7,230.0,0.0009322761270134914,7.24646785566674
P9_mixed_wit_uniform30,123,614,True,2,104.0,0.0009775321285616205,7.2081966006388045
P9_mixed_wit_uniform30,124,37,False,7,230.0,0.0011450372940559536,7.24646785566674
P9_mixed_wit_uniform30,125,664,False,7,230.0,0.00029226984118485664,7.24646785566674
P9_mixed_wit_uniform30,126,561,True,2,104.0,0.0014772589333390865,7.2081966006388045
P9_mixed_wit_uniform30,127,277,False,7,230.0,0.0013589593196869393,7.24646785566674
P9_mixed_wit_uniform30,128,174,False,7,230.0,0.0012772310936098672,7.24646785566674
P9_mixed_wit_uniform30,129,717,True,3,168.0,0.0022821160668244616,7.220874714006469
P9_mixed_wit_uniform30,130,356,False,7,230.0,0.0005117580388354728,7.24646785566674
P9_mixed_wit_uniform30,131,1152,False,7,230.0,0.00045728891035967076,7.24646785566674
P9_mixed_wit_uniform30,132,715,False,7,230.0,0.0003648954402986389,7.24646785566674
P9_mixed_wit_uniform30,133,565,False,7,230.0,0.0003442417050928144,7.24646785566674
P9_mixed_wit_uniform30,134,718,False,7,230.0,0.0022696579033886816,7.24646785566674
P9_mixed_wit_uniform30,135,30,False,7,230.0,0.0012239348780125454,7.24646785566674
P9_mixed_wit_uniform30,136,1301,False,7,230.0,0.0003638583008425728,7.24646785566674
P9_mixed_wit_uniform30,137,663,True,1,32.0,0.002088902010361362,7.195154467844734
P9_mixed_wit_uniform30,138,906,False,7,230.0,0.0008831728250197405,7.24646785566674
P9_mixed_wit_uniform30,139,115,False,7,230.0,0.0006392536467245815,7.24646785566674
P9_mixed_wit_uniform30,140,663,True,2,104.0,0.0008485387470243411,7.2081966006388045
P9_mixed_wit_uniform30,141,664,True,1,32.0,0.0022316737478634495,7.195154467844734
P9_mixed_wit_uniform30,142,1201,False,7,230.0,0.00041001385046772563,7.24646785566674
P9_mixed_wit_uniform30,143,714,True,1,32.0,0.002201489376596586,7.195154467844734
P9_mixed_wit_uniform30,144,662,False,7,230.0,0.00018010125055905146,7.24646785566674
P9_mixed_wit_uniform30,145,474,False,7,230.0,0.001623209987389595,7.24646785566674
P9_mixed_wit_uniform30,146,562,False,7,230.0,0.0004284915485942006,7.24646785566674
P9_mixed_wit_uniform30,147,673,False,7,230.0,0.0014355430009420442,7.24646785566674
P9_mixed_wit_uniform30,148,618,True,4,208.0,0.0024526162663689568,7.231522390766254
P9_mixed_wit_uniform30,149,29,False,7,230.0,0.0011698840708131938,7.24646785566674
P9_mixed_wit_uniform30,150,957,False,7,230.0,0.000958721384750029,7.24646785566674
P9_mixed_wit_uniform30,151,1066,False,7,230.0,0.000958479393346759,7.24646785566674
P9_mixed_wit_uniform30,152,273,False,7,230.0,0.0015662673910906485,7.24646785566674
P9_mixed_wit_uniform30,153,712,False,7,230.0,0.00018025985647000277,7.24646785566674
P9_mixed_wit_uniform30,154,180,False,7,230.0,0.0012157481602711562,7.24646785566674
P9_mixed_wit_uniform30,155,808,False,7,230.0,0.0012523932614863724,7.24646785566674
P9_mixed_wit_uniform30,156,513,False,7,230.0,0.0011796100746808461,7.24646785566674
P9_mixed_wit_uniform30,157,768,False,7,230.0,0.002071371145680838,7.24646785566674
P9_mixed_wit_uniform30,158,854,False,7,230.0,0.0006359286586970297,7.24646785566674
P9_mixed_wit_uniform30,159,866,False,7,230.0,0.0012848461125158329,7.24646785566674
P9_mixed_wit_uniform30,160,179,False,7,230.0,0.001267800249003775,7.24646785566674
P9_mixed_wit_uniform30,161,1118,False,7,230.0,0.0007557841126725391,7.24646785566674
P9_mixed_wit_uniform30,162,457,False,7,230.0,0.0006780946428469779,7.24646785566674
P9_mixed_wit_uniform30,163,35,False,7,230.0,0.0012438828517089043,7.24646785566674
P9_mixed_wit_uniform30,164,712,True,1,32.0,0.0019302670667467104,7.195154467844734
P9_mixed_wit_uniform30,165,569,False,7,230.0,0.002425937848355981,7.24646785566674
P9_mixed_wit_uniform30,166,958,False,7,230.0,0.001069236004208033,7.24646785566674
P9_mixed_wit_uniform30,167,914,False,7,230.0,0.0016614087356272504,7.24646785566674
P9_mixed_wit_uniform30,168,525,False,7,230.0,0.0013573304460783903,7.24646785566674
P9_mixed_wit_uniform30,169,1256,False,7,230.0,0.0004433053285650315,7.24646785566674
P9_mixed_wit_uniform30,170,515,False,7,230.0,0.0007069321234687635,7.24646785566674
P9_mixed_wit_uniform30,171,668,True,4,208.0,0.0023644814338766927,7.231522390766254
P9_mixed_wit_uniform30,172,468,True,4,208.0,0.0022466259940191443,7.231522390766254
P9_mixed_wit_uniform30,173,1200,False,7,230.0,0.0003881349764796093,7.24646785566674
P9_mixed_wit_uniform30,174,324,False,7,230.0,0.0016309732540784395,7.24646785566674
P9_mixed_wit_uniform30,175,39,False,7,230.0,0.0010198471585419117,7.24646785566674
P9_mixed_wit_uniform30,176,617,True,4,208.0,0.00183976454932417,7.231522390766254
P9_mixed_wit_uniform30,177,1701,False,7,230.0,0.0002233153441444686,7.24646785566674
P9_mixed_wit_uniform30,178,1059,False,7,230.0,0.0008946489431344379,7.24646785566674
P9_mixed_wit_uniform30,179,861,False,7,230.0,0.0009959532873104891,7.24646785566674
P9_mixed_wit_uniform30,180,1059,False,7,230.0,0.0008946489431344379,7.24646785566674
P9_mixed_wit_uniform30,181,1062,False,7,230.0,0.0009911799075066905,7.24646785566674
P9_mixed_wit_uniform30,182,670,False,7,230.0,0.0020686020210452225,7.24646785566674
P9_mixed_wit_uniform30,183,522,False,7,230.0,0.0019507401269766467,7.24646785566674
P9_mixed_wit_uniform30,184,869,False,7,230.0,0.0014934169747385121,7.24646785566674
P9_mixed_wit_uniform30,185,769,False,7,230.0,0.0019056313280073514,7.24646785566674
P9_mixed_wit_uniform30,186,570,False,7,230.0,0.0008959784417349694,7.24646785566674
P9_mixed_wit_uniform30,187,146,False,7,230.0,0.0004708830435235315,7.24646785566674
P9_mixed_wit_uniform30,188,860,False,7,230.0,0.000891620719857508,7.24646785566674
P9_mixed_wit_uniform30,189,470,False,7,230.0,0.0011997646883817419,7.24646785566674
P9_mixed_wit_uniform30,190,1200,False,7,230.0,0.0003881349764796093,7.24646785566674
P9_mixed_wit_uniform30,191,464,True,7,230.0,0.0018317240990648191,7.243802922876093
P9_mixed_wit_uniform30,192,225,False,7,230.0,0.001423590303068255,7.24646785566674
P9_mixed_wit_uniform30,193,958,False,7,230.0,0.001069236004208033,7.24646785566674
P9_mixed_wit_uniform30,194,314,False,7,230.0,0.0011484717111958163,7.24646785566674
P9_mixed_wit_uniform30,195,366,False,7,230.0,0.0016340978447058614,7.24646785566674
P9_mixed_wit_uniform30,196,756,False,7,230.0,0.0008625935440012169,7.24646785566674
P9_mixed_wit_uniform30,197,1018,False,7,230.0,0.001033768156636679,7.24646785566674
P9_mixed_wit_uniform30,198,404,False,7,230.0,0.00042742489830025165,7.24646785566674
P9_mixed_wit_uniform30,199,519,False,7,230.0,0.0023988002162942845,7.24646785566674
P10_mixed_wit_uniform50_temp2,0,875,False,5,230.0,0.0006980830397582988,7.351473859098199
P10_mixed_wit_uniform50_temp2,1,618,True,5,230.0,0.0018991007319910582,7.346910970824001
P10_mixed_wit_uniform50_temp2,2,1005,False,5,230.0,0.0006708120322159057,7.351473859098199
P10_mixed_wit_uniform50_temp2,3,812,True,2,104.0,0.0014632996926353767,7.333134955614245
P10_mixed_wit_uniform50_temp2,4,142,False,5,230.0,0.0005805546519474471,7.351473859098199
P10_mixed_wit_uniform50_temp2,5,1501,False,5,230.0,0.0003655584354821732,7.351473859098199
P10_mixed_wit_uniform50_temp2,6,863,False,5,230.0,0.0009499669749885921,7.351473859098199
P10_mixed_wit_uniform50_temp2,7,908,False,5,230.0,0.0009844850556696282,7.351473859098199
P10_mixed_wit_uniform50_temp2,8,251,False,5,230.0,0.00039689229437985543,7.351473859098199
P10_mixed_wit_uniform50_temp2,9,656,False,5,230.0,0.0007160418598288932,7.351473859098199
P10_mixed_wit_uniform50_temp2,10,569,False,5,230.0,0.001866022351593229,7.351473859098199
P10_mixed_wit_uniform50_temp2,11,1154,False,5,230.0,0.0005378142754843895,7.351473859098199
P10_mixed_wit_uniform50_temp2,12,764,True,2,104.0,0.0007313318995021839,7.333134955614245
P10_mixed_wit_uniform50_temp2,13,955,False,5,230.0,0.0006931098533928232,7.351473859098199
P10_mixed_wit_uniform50_temp2,14,620,False,5,230.0,0.001706490751134304,7.351473859098199
P10_mixed_wit_uniform50_temp2,15,428,False,5,230.0,0.0009055440865035157,7.351473859098199
P10_mixed_wit_uniform50_temp2,16,712,True,1,32.0,0.0015420274966558138,7.3244913511527905
P10_mixed_wit_uniform50_temp2,17,76,False,5,230.0,0.0009377078744355495,7.351473859098199
P10_mixed_wit_uniform50_temp2,18,957,False,5,230.0,0.0008440175186533969,7.351473859098199
P10_mixed_wit_uniform50_temp2,19,762,True,3,160.0,0.0002344354423804558,7.340443455504747
P10_mixed_wit_uniform50_temp2,20,862,True,3,160.0,0.0013863206956909566,7.340443455504747
P10_mixed_wit_uniform50_temp2,21,566,True,2,104.0,0.0018256006497280378,7.333134955614245
P10_mixed_wit_uniform50_temp2,22,1417,False,5,230.0,0.0004212846906856946,7.351473859098199
P10_mixed_wit_uniform50_temp2,23,1061,False,5,230.0,0.0008517411660615253,7.351473859098199
P10_mixed_wit_uniform50_temp2,24,904,False,5,230.0,0.0006264125054065415,7.351473859098199
P10_mixed_wit_uniform50_temp2,25,379,False,5,230.0,0.0008759367811677315,7.351473859098199
P10_mixed_wit_uniform50_temp2,26,661,True,2,104.0,0.0013867082783945487,7.333134955614245
P10_mixed_wit_uniform50_temp2,27,38,False,5,230.0,0.0009313163709263653,7.351473859098199
P10_mixed_wit_uniform50_temp2,28,315,False,5,230.0,0.0010572239635762003,7.351473859098199
P10_mixed_wit_uniform50_temp2,29,810,False,5,230.0,0.0007570825598893215,7.351473859098199
P10_mixed_wit_uniform50_temp2,30,860,True,3,160.0,0.0012166882338825484,7.340443455504747
P10_mixed_wit_uniform50_temp2,31,1374,False,5,230.0,0.00044077009112102896,7.351473859098199
P10_mixed_wit_uniform50_temp2,32,560,False,5,230.0,0.0006472885620577951,7.351473859098199
P10_mixed_wit_uniform50_temp2,33,569,False,5,230.0,0.001866022351593229,7.351473859098199
P10_mixed_wit_uniform50_temp2,34,662,True,2,104.0,0.000577860634052226,7.333134955614245
P10_mixed_wit_uniform50_temp2,35,372,False,5,230.0,0.001475722997018599,7.351473859098199
P10_mixed_wit_uniform50_temp2,36,257,False,5,230.0,0.000523574278023728,7.351473859098199
P10_mixed_wit_uniform50_temp2,37,662,True,3,160.0,0.00022161992212419744,7.340443455504747
P10_mixed_wit_uniform50_temp2,38,426,False,5,230.0,0.0011118925242863868,7.351473859098199
P10_mixed_wit_uniform50_temp2,39,807,False,5,230.0,0.0009154781906288041,7.351473859098199
P10_mixed_wit_uniform50_temp2,40,618,False,5,230.0,0.0008182454869043885,7.351473859098199
P10_mixed_wit_uniform50_temp2,41,959,False,5,230.0,0.000993715159792037,7.351473859098199
P10_mixed_wit_uniform50_temp2,42,812,True,2,104.0,0.0014632996926353767,7.333134955614245
P10_mixed_wit_uniform50_temp2,43,520,False,5,230.0,0.0017704631671095256,7.351473859098199
P10_mixed_wit_uniform50_temp2,44,959,False,5,230.0,0.000993715159792037,7.351473859098199
P10_mixed_wit_uniform50_temp2,45,913,False,5,230.0,0.0013267867566840287,7.351473859098199
P10_mixed_wit_uniform50_temp2,46,610,False,5,230.0,0.0007019937332635965,7.351473859098199
P10_mixed_wit_uniform50_temp2,47,515,True,5,230.0,0.0011675673051174849,7.346910970824001
P10_mixed_wit_uniform50_temp2,48,810,False,5,230.0,0.0007570825598893215,7.351473859098199
P10_mixed_wit_uniform50_temp2,49,273,False,5,230.0,0.0012672099855559253,7.351473859098199
P10_mixed_wit_uniform50_temp2,50,410,False,5,230.0,0.0008415918766723689,7.351473859098199
P10_mixed_wit_uniform50_temp2,51,3,False,5,230.0,0.00041948791564933545,7.351473859098199
P10_mixed_wit_uniform50_temp2,52,908,False,5,230.0,0.0009844850556696282,7.351473859098199
P10_mixed_wit_uniform50_temp2,53,800,False,5,230.0,0.00040873013993122644,7.351473859098199
P10_mixed_wit_uniform50_temp2,54,813,False,5,230.0,0.00041396206068810784,7.351473859098199
P10_mixed_wit_uniform50_temp2,55,906,False,5,230.0,0.0007913933864403229,7.351473859098199
P10_mixed_wit_uniform50_temp2,56,660,True,3,160.0,0.0012517795380900289,7.340443455504747
P10_mixed_wit_uniform50_temp2,57,714,True,1,32.0,0.001735757717977153,7.3244913511527905
P10_mixed_wit_uniform50_temp2,58,273,False,5,230.0,0.0012672099855559253,7.351473859098199
P10_mixed_wit_uniform50_temp2,59,210,False,5,230.0,0.0005878511729627251,7.351473859098199
P10_mixed_wit_uniform50_temp2,60,806,False,5,230.0,0.0007953366799648893,7.351473859098199
P10_mixed_wit_uniform50_temp2,61,662,True,3,160.0,0.00022161992212419744,7.340443455504747
P10_mixed_wit_uniform50_temp2,62,713,True,1,32.0,0.0016571298074810788,7.3244913511527905
P10_mixed_wit_uniform50_temp2,63,864,False,5,230.0,0.0009822714389562386,7.351473859098199
P10_mixed_wit_uniform50_temp2,64,762,True,2,104.0,0.0005930757652526328,7.333134955614245
P10_mixed_wit_uniform50_temp2,65,712,True,1,32.0,0.0015420274966558138,7.3244913511527905
P10_mixed_wit_uniform50_temp2,66,713,False,5,230.0,0.00018368218079806059,7.351473859098199
P10_mixed_wit_uniform50_temp2,67,518,True,5,230.0,0.0018573354217005554,7.346910970824001
P10_mixed_wit_uniform50_temp2,68,33,False,5,230.0,0.0010742485026287924,7.351473859098199
P10_mixed_wit_uniform50_temp2,69,617,True,5,230.0,0.001033081749501777,7.346910970824001
P10_mixed_wit_uniform50_temp2,70,418,False,5,230.0,0.0016333877158274182,7.351473859098199
P10_mixed_wit_uniform50_temp2,71,613,True,2,104.0,0.000643512072947926,7.333134955614245
P10_mixed_wit_uniform50_temp2,72,1002,False,5,230.0,0.00051781183058568,7.351473859098199
P10_mixed_wit_uniform50_temp2,73,460,False,5,230.0,0.0009323703034897221,7.351473859098199
P10_mixed_wit_uniform50_temp2,74,59,False,5,230.0,0.00048116587720036576,7.351473859098199
P10_mixed_wit_uniform50_temp2,75,513,True,3,160.0,0.0014281928169575144,7.340443455504747
P10_mixed_wit_uniform50_temp2,76,516,False,5,230.0,0.0004459077359207539,7.351473859098199
P10_mixed_wit_uniform50_temp2,77,770,False,5,230.0,0.0013769891294304964,7.351473859098199
P10_mixed_wit_uniform50_temp2,78,712,True,1,32.0,0.0015420274966558138,7.3244913511527905
P10_mixed_wit_uniform50_temp2,79,907,False,5,230.0,0.0008863149240431805,7.351473859098199
P10_mixed_wit_uniform50_temp2,80,789,False,5,230.0,0.0003604905619238447,7.351473859098199
P10_mixed_wit_uniform50_temp2,81,613,True,2,104.0,0.000643512072947926,7.333134955614245
P10_mixed_wit_uniform50_temp2,82,919,False,5,230.0,0.0010815319769854452,7.351473859098199
P10_mixed_wit_uniform50_temp2,83,327,False,5,230.0,0.0010986525847655215,7.351473859098199
P10_mixed_wit_uniform50_temp2,84,30,False,5,230.0,0.0010287547258743372,7.351473859098199
P10_mixed_wit_uniform50_temp2,85,129,False,5,230.0,0.0010616600636119125,7.351473859098199
P10_mixed_wit_uniform50_temp2,86,821,False,5,230.0,0.0011333111946880126,7.351473859098199
P10_mixed_wit_uniform50_temp2,87,660,False,5,230.0,0.0007389640857866361,7.351473859098199
P10_mixed_wit_uniform50_temp2,88,322,False,5,230.0,0.0013826628900667764,7.351473859098199
P10_mixed_wit_uniform50_temp2,89,665,True,2,104.0,0.0008482044558067878,7.333134955614245
P10_mixed_wit_uniform50_temp2,90,313,False,5,230.0,0.0008973111185531861,7.351473859098199
P10_mixed_wit_uniform50_temp2,91,812,True,2,104.0,0.0014632996926353767,7.333134955614245
P10_mixed_wit_uniform50_temp2,92,624,False,5,230.0,0.0011187096316292097,7.351473859098199
P10_mixed_wit_uniform50_temp2,93,607,False,5,230.0,0.0007850453712753887,7.351473859098199
P10_mixed_wit_uniform50_temp2,94,517,True,5,230.0,0.0009671181814635016,7.346910970824001
P10_mixed_wit_uniform50_temp2,95,762,True,1,32.0,0.0015142226955784203,7.3244913511527905
P10_mixed_wit_uniform50_temp2,96,567,False,5,230.0,0.00038617337938093716,7.351473859098199
P10_mixed_wit_uniform50_temp2,97,127,False,5,230.0,0.0010489566181159855,7.351473859098199
P10_mixed_wit_uniform50_temp2,98,219,False,5,230.0,0.0010017353673512303,7.351473859098199
P10_mixed_wit_uniform50_temp2,99,1320,False,5,230.0,0.0004775195216589557,7.351473859098199
P10_mixed_wit_uniform50_temp2,100,1104,False,5,230.0,0.0005692105153803234,7.351473859098199
P10_mixed_wit_uniform50_temp2,101,812,True,2,104.0,0.0014632996926353767,7.333134955614245
P10_mixed_wit_uniform50_temp2,102,473,False,5,230.0,0.0014341329809140248,7.351473859098199
P10_mixed_wit_uniform50_temp2,103,1400,False,5,230.0,0.0003950932956870727,7.351473859098199
P10_mixed_wit_uniform50_temp2,104,904,False,5,230.0,0.0006264125054065415,7.351473859098199
P10_mixed_wit_uniform50_temp2,105,816,False,5,230.0,0.0005609635525176791,7.351473859098199
P10_mixed_wit_uniform50_temp2,106,655,False,5,230.0,0.0006226133385705966,7.351473859098199
P10_mixed_wit_uniform50_temp2,107,508,False,5,230.0,0.0007866571397703166,7.351473859098199
P10_mixed_wit_uniform50_temp2,108,152,False,5,230.0,0.00040884923049158044,7.351473859098199
P10_mixed_wit_uniform50_temp2,109,1101,False,5,230.0,0.0004798323967366983,7.351473859098199
P10_mixed_wit_uniform50_temp2,110,659,False,5,230.0,0.0011263064604031966,7.351473859098199
P10_mixed_wit_uniform50_temp2,111,412,False,5,230.0,0.0010527012974531201,7.351473859098199
P10_mixed_wit_uniform50_temp2,112,518,False,5,230.0,0.0007971582636181984,7.351473859098199
P10_mixed_wit_uniform50_temp2,113,715,True,2,104.0,0.0008343238522303978,7.333134955614245
P10_mixed_wit_uniform50_temp2,114,364,False,5,230.0,0.0011234524788627854,7.351473859098199
P10_mixed_wit_uniform50_temp2,115,1004,False,5,230.0,0.000615059173663668,7.351473859098199
P10_mixed_wit_uniform50_temp2,116,862,True,3,160.0,0.0013863206956909566,7.340443455504747
P10_mixed_wit_uniform50_temp2,117,818,False,5,230.0,0.0014649087672865728,7.351473859098199
P10_mixed_wit_uniform50_temp2,118,617,True,4,170.0,0.0019447098019340478,7.343384599865404
P10_mixed_wit_uniform50_temp2,119,762,True,2,104.0,0.0005930757652526328,7.333134955614245
P10_mixed_wit_uniform50_temp2,120,716,False,5,230.0,0.0006562166207356905,7.351473859098199
P10_mixed_wit_uniform50_temp2,121,765,True,1,32.0,0.0016740131487376526,7.3244913511527905
P10_mixed_wit_uniform50_temp2,122,121,False,5,230.0,0.0008255968003166785,7.351473859098199
P10_mixed_wit_uniform50_temp2,123,614,False,5,230.0,0.00023788675124411442,7.351473859098199
P10_mixed_wit_uniform50_temp2,124,37,False,5,230.0,0.0009737977961294641,7.351473859098199
P10_mixed_wit_uniform50_temp2,125,664,True,1,32.0,0.0017573179831677703,7.3244913511527905
P10_mixed_wit_uniform50_temp2,126,561,True,2,104.0,0.0012166880787576188,7.333134955614245
P10_mixed_wit_uniform50_temp2,127,277,False,5,230.0,0.00112280740002242,7.351473859098199
P10_mixed_wit_uniform50_temp2,128,174,False,5,230.0,0.0010658787571737115,7.351473859098199
P10_mixed_wit_uniform50_temp2,129,717,False,5,230.0,0.0009732830789463834,7.351473859098199
P10_mixed_wit_uniform50_temp2,130,356,False,5,230.0,0.0005326805680381018,7.351473859098199
P10_mixed_wit_uniform50_temp2,131,1152,False,5,230.0,0.0004947395321179643,7.351473859098199
P10_mixed_wit_uniform50_temp2,132,715,True,2,104.0,0.0008343238522303978,7.333134955614245
P10_mixed_wit_uniform50_temp2,133,565,True,2,104.0,0.0017610585021459702,7.333134955614245
P10_mixed_wit_uniform50_temp2,134,718,False,5,230.0,0.0017571639363491607,7.351473859098199
P10_mixed_wit_uniform50_temp2,135,30,False,5,230.0,0.0010287547258743372,7.351473859098199
P10_mixed_wit_uniform50_temp2,136,1301,False,5,230.0,0.0004296594728087108,7.351473859098199
P10_mixed_wit_uniform50_temp2,137,663,False,5,230.0,0.00017889999676081063,7.351473859098199
P10_mixed_wit_uniform50_temp2,138,906,False,5,230.0,0.0007913933864403229,7.351473859098199
P10_mixed_wit_uniform50_temp2,139,115,False,5,230.0,0.0006214889549894259,7.351473859098199
P10_mixed_wit_uniform50_temp2,140,663,True,1,32.0,0.001655338170666279,7.3244913511527905
P10_mixed_wit_uniform50_temp2,141,664,False,5,230.0,0.00022443492818153825,7.351473859098199
P10_mixed_wit_uniform50_temp2,142,1201,False,5,230.0,0.0004618095992242559,7.351473859098199
P10_mixed_wit_uniform50_temp2,143,714,True,1,32.0,0.001735757717977153,7.3244913511527905
P10_mixed_wit_uniform50_temp2,144,662,True,1,32.0,0.0015206528728989163,7.3244913511527905
P10_mixed_wit_uniform50_temp2,145,474,False,5,230.0,0.0013068739411215816,7.351473859098199
P10_mixed_wit_uniform50_temp2,146,562,False,5,230.0,0.00033943681680060386,7.351473859098199
P10_mixed_wit_uniform50_temp2,147,673,False,5,230.0,0.001176152556860887,7.351473859098199
P10_mixed_wit_uniform50_temp2,148,618,True,5,230.0,0.0018991007319910582,7.346910970824001
P10_mixed_wit_uniform50_temp2,149,29,False,5,230.0,0.000991105075974503,7.351473859098199
P10_mixed_wit_uniform50_temp2,150,957,False,5,230.0,0.0008440175186533969,7.351473859098199
P10_mixed_wit_uniform50_temp2,151,1066,False,5,230.0,0.0008438489570336178,7.351473859098199
P10_mixed_wit_uniform50_temp2,152,273,False,5,230.0,0.0012672099855559253,7.351473859098199
P10_mixed_wit_uniform50_temp2,153,712,True,1,32.0,0.0015420274966558138,7.3244913511527905
P10_mixed_wit_uniform50_temp2,154,180,False,5,230.0,0.0010230521827901003,7.351473859098199
P10_mixed_wit_uniform50_temp2,155,808,False,5,230.0,0.0010485777078060052,7.351473859098199
P10_mixed_wit_uniform50_temp2,156,513,True,3,160.0,0.0014281928169575144,7.340443455504747
P10_mixed_wit_uniform50_temp2,157,768,False,5,230.0,0.001619045240361156,7.351473859098199
P10_mixed_wit_uniform50_temp2,158,854,False,5,230.0,0.000619172900120962,7.351473859098199
P10_mixed_wit_uniform50_temp2,159,866,False,5,230.0,0.0010186392167060316,7.351473859098199
P10_mixed_wit_uniform50_temp2,160,179,False,5,230.0,0.001059309604628598,7.351473859098199
P10_mixed_wit_uniform50_temp2,161,1118,False,5,230.0,0.0007026594586865057,7.351473859098199
P10_mixed_wit_uniform50_temp2,162,457,False,5,230.0,0.0006485440533596601,7.351473859098199
P10_mixed_wit_uniform50_temp2,163,35,False,5,230.0,0.0010426496936795173,7.351473859098199
P10_mixed_wit_uniform50_temp2,164,712,True,2,104.0,0.0005825374608953942,7.333134955614245
P10_mixed_wit_uniform50_temp2,165,569,False,5,230.0,0.001866022351593229,7.351473859098199
P10_mixed_wit_uniform50_temp2,166,958,False,5,230.0,0.0009209976221338338,7.351473859098199
P10_mixed_wit_uniform50_temp2,167,914,False,5,230.0,0.0013334816750718871,7.351473859098199
P10_mixed_wit_uniform50_temp2,168,525,False,5,230.0,0.0011216727912298672,7.351473859098199
P10_mixed_wit_uniform50_temp2,169,1256,False,5,230.0,0.00048499912330275284,7.351473859098199
P10_mixed_wit_uniform50_temp2,170,515,True,5,230.0,0.0011675673051174849,7.346910970824001
P10_mixed_wit_uniform50_temp2,171,668,True,5,230.0,0.0018370949430518116,7.346910970824001
P10_mixed_wit_uniform50_temp2,172,468,True,5,230.0,0.0017541797173402205,7.346910970824001
P10_mixed_wit_uniform50_temp2,173,1200,False,5,230.0,0.0004465696428103387,7.351473859098199
P10_mixed_wit_uniform50_temp2,174,324,False,5,230.0,0.0013122815249868146,7.351473859098199
P10_mixed_wit_uniform50_temp2,175,39,False,5,230.0,0.0008865953098533114,7.351473859098199
P10_mixed_wit_uniform50_temp2,176,617,True,4,170.0,0.0019447098019340478,7.343384599865404
P10_mixed_wit_uniform50_temp2,177,1701,False,5,230.0,0.00033176281983079547,7.351473859098199
P10_mixed_wit_uniform50_temp2,178,1059,False,5,230.0,0.0007993871954436544,7.351473859098199
P10_mixed_wit_uniform50_temp2,179,861,False,5,230.0,0.0007969770697778558,7.351473859098199
P10_mixed_wit_uniform50_temp2,180,1059,False,5,230.0,0.0007993871954436544,7.351473859098199
P10_mixed_wit_uniform50_temp2,181,1062,False,5,230.0,0.0008666268390571955,7.351473859098199
P10_mixed_wit_uniform50_temp2,182,670,False,5,230.0,0.0016171163778989281,7.351473859098199
P10_mixed_wit_uniform50_temp2,183,522,False,5,230.0,0.001535018454146433,7.351473859098199
P10_mixed_wit_uniform50_temp2,184,869,False,5,230.0,0.0012164652730745928,7.351473859098199
P10_mixed_wit_uniform50_temp2,185,769,False,5,230.0,0.0015035974527480244,7.351473859098199
P10_mixed_wit_uniform50_temp2,186,570,False,5,230.0,0.0017606014686826594,7.351473859098199
P10_mixed_wit_uniform50_temp2,187,146,False,5,230.0,0.0005042086664534312,7.351473859098199
P10_mixed_wit_uniform50_temp2,188,860,False,5,230.0,0.0007219169745248822,7.351473859098199
P10_mixed_wit_uniform50_temp2,189,470,False,5,230.0,0.0017315609671273784,7.351473859098199
P10_mixed_wit_uniform50_temp2,190,1200,False,5,230.0,0.0004465696428103387,7.351473859098199
P10_mixed_wit_uniform50_temp2,191,464,False,5,230.0,0.0014587142589225438,7.351473859098199
P10_mixed_wit_uniform50_temp2,192,225,False,5,230.0,0.0011678267812874179,7.351473859098199
P10_mixed_wit_uniform50_temp2,193,958,False,5,230.0,0.0009209976221338338,7.351473859098199
P10_mixed_wit_uniform50_temp2,194,314,False,5,230.0,0.0009761900749801556,7.351473859098199
P10_mixed_wit_uniform50_temp2,195,366,False,5,230.0,0.0013144579909694389,7.351473859098199
P10_mixed_wit_uniform50_temp2,196,756,False,5,230.0,0.0007770586749774568,7.351473859098199
P10_mixed_wit_uniform50_temp2,197,1018,False,5,230.0,0.0008962921253438031,7.351473859098199
P10_mixed_wit_uniform50_temp2,198,404,False,5,230.0,0.00047393744502804123,7.351473859098199
P10_mixed_wit_uniform50_temp2,199,519,False,5,230.0,0.0018471193527450343,7.351473859098199
