prior,trial,true_cell,detected,n_missions,cost_used,final_p_true,final_entropy,update_form,round,split
P3_quadratic_nowit_informative,0,901,False,12,523.0,0.0013091391900670278,6.759640851542872,std,0,train
P3_quadratic_nowit_informative,1,619,False,12,523.0,0.0037713696639673604,6.759640851542872,std,0,train
P3_quadratic_nowit_informative,2,1008,False,12,523.0,0.0017518656793148527,6.759640851542872,std,0,train
P3_quadratic_nowit_informative,3,812,True,1,16.0,0.0040041666689597565,6.580665615539849,std,0,train
P3_quadratic_nowit_informative,4,155,False,12,523.0,0.0005403319340356658,6.759640851542872,std,0,train
P3_quadratic_nowit_informative,5,1553,False,12,523.0,0.00018908073463656013,6.759640851542872,std,0,train
P3_quadratic_nowit_informative,6,864,True,5,438.0,0.00163377964378067,6.693463284336811,std,0,train
P3_quadratic_nowit_informative,7,908,True,5,438.0,0.0019035970816200392,6.693463284336811,std,0,train
P3_quadratic_nowit_informative,8,261,False,12,523.0,0.0014774666133912126,6.759640851542872,std,0,train
P3_quadratic_nowit_informative,9,659,True,1,16.0,0.0033750666122464253,6.580665615539849,std,0,train
P3_quadratic_nowit_informative,10,570,False,12,523.0,0.003241479358130978,6.759640851542872,std,0,train
P3_quadratic_nowit_informative,11,1200,False,12,523.0,0.0009674287977472389,6.759640851542872,std,0,train
P4_quadratic_wit_informative,0,901,False,12,523.0,0.0013091391900670278,6.759640851542872,std,0,train
P4_quadratic_wit_informative,1,619,False,12,523.0,0.0037713696639673604,6.759640851542872,std,0,train
P4_quadratic_wit_informative,2,1008,True,7,489.0,0.0030900358296702952,6.73994193760665,std,0,train
P4_quadratic_wit_informative,3,812,False,12,523.0,0.0003378934496909659,6.759640851542872,std,0,train
P4_quadratic_wit_informative,4,155,False,12,523.0,0.0005403319340356658,6.759640851542872,std,0,train
P4_quadratic_wit_informative,5,1553,False,12,523.0,0.00018908073463656013,6.759640851542872,std,0,train
P4_quadratic_wit_informative,6,864,False,12,523.0,0.0008635876792903172,6.759640851542872,std,0,train
P4_quadratic_wit_informative,7,908,True,5,438.0,0.0019035970816200392,6.693463284336811,std,0,train
P4_quadratic_wit_informative,8,261,False,12,523.0,0.0014774666133912126,6.759640851542872,std,0,train
P4_quadratic_wit_informative,9,659,True,5,438.0,0.0003863512718485111,6.693463284336811,std,0,train
P4_quadratic_wit_informative,10,570,False,12,523.0,0.003241479358130978,6.759640851542872,std,0,train
P4_quadratic_wit_informative,11,1200,False,12,523.0,0.0009674287977472389,6.759640851542872,std,0,train
P5_mixed_nowit_informative,0,901,False,9,530.0,0.0014434704257405802,6.881252321581813,std,0,train
P5_mixed_nowit_informative,1,619,False,9,530.0,0.0029871867750884728,6.881252321581813,std,0,train
P5_mixed_nowit_informative,2,1008,False,9,530.0,0.0014429040350752004,6.881252321581813,std,0,train
P5_mixed_nowit_informative,3,812,True,1,16.0,0.003095221121495035,6.774561365820095,std,0,train
P5_mixed_nowit_informative,4,155,False,9,530.0,0.0008193806252165038,6.881252321581813,std,0,train
P5_mixed_nowit_informative,5,1553,False,9,530.0,0.00034324292238676924,6.881252321581813,std,0,train
P5_mixed_nowit_informative,6,864,False,9,530.0,0.0004108599653320019,6.881252321581813,std,0,train
P5_mixed_nowit_informative,7,908,True,3,244.0,0.0026501076517994188,6.821700306770654,std,0,train
P5_mixed_nowit_informative,8,261,False,9,530.0,0.0014208506359466675,6.881252321581813,std,0,train
P5_mixed_nowit_informative,9,659,True,1,16.0,0.00267529957753668,6.774561365820095,std,0,train
P5_mixed_nowit_informative,10,570,False,9,530.0,0.002666837968437284,6.881252321581813,std,0,train
P5_mixed_nowit_informative,11,1200,False,9,530.0,0.0013991270972279356,6.881252321581813,std,0,train
P6_mixed_wit_informative,0,901,False,10,529.0,0.000374339955779192,7.0402328923525825,std,0,train
P6_mixed_wit_informative,1,619,True,4,186.0,0.003074770802514847,6.95920146463058,std,0,train
P6_mixed_wit_informative,2,1008,False,10,529.0,0.0013135533697791189,7.0402328923525825,std,0,train
P6_mixed_wit_informative,3,812,True,2,52.0,0.0023464249517769465,6.92086754301269,std,0,train
P6_mixed_wit_informative,4,155,False,10,529.0,0.00034693161295177194,7.0402328923525825,std,0,train
P6_mixed_wit_informative,5,1553,False,10,529.0,0.00010290975702327965,7.0402328923525825,std,0,train
P6_mixed_wit_informative,6,864,True,5,472.0,0.0016396269757979094,6.98637769530661,std,0,train
P6_mixed_wit_informative,7,908,False,10,529.0,0.0016549796225102842,7.0402328923525825,std,0,train
P6_mixed_wit_informative,8,261,False,10,529.0,0.0009143198147059516,7.0402328923525825,std,0,train
P6_mixed_wit_informative,9,659,True,5,472.0,0.0017173004837879797,6.98637769530661,std,0,train
P6_mixed_wit_informative,10,570,True,4,186.0,0.00293046049068498,6.95920146463058,std,0,train
P6_mixed_wit_informative,11,1200,False,10,529.0,0.00033828623651252103,7.0402328923525825,std,0,train
P7_mixed_wit_weak,0,901,False,10,527.0,0.0007118844363082653,6.795479941289151,std,0,train
P7_mixed_wit_weak,1,619,False,10,527.0,0.004688402520932913,6.795479941289151,std,0,train
P7_mixed_wit_weak,2,1008,False,10,527.0,0.0024337823515456158,6.795479941289151,std,0,train
P7_mixed_wit_weak,3,812,False,10,527.0,0.0002363789405575286,6.795479941289151,std,0,train
P7_mixed_wit_weak,4,155,False,10,527.0,0.0006495333299266258,6.795479941289151,std,0,train
P7_mixed_wit_weak,5,1553,False,10,527.0,0.00015615555286511954,6.795479941289151,std,0,train
P7_mixed_wit_weak,6,864,True,4,410.0,0.0017352681929128655,6.712317585996544,std,0,train
P7_mixed_wit_weak,7,908,True,4,410.0,0.002990147557222335,6.712317585996544,std,0,train
P7_mixed_wit_weak,8,261,False,10,527.0,0.0010228024105951403,6.795479941289151,std,0,train
P7_mixed_wit_weak,9,659,True,3,212.0,0.0029190615756872185,6.660034238527074,std,0,train
P7_mixed_wit_weak,10,570,False,10,527.0,0.003977967613445489,6.795479941289151,std,0,train
P7_mixed_wit_weak,11,1200,False,10,527.0,0.0014161453479443497,6.795479941289151,std,0,train
P8_mixed_wit_vague,0,901,False,12,524.0,0.0010509315078651433,6.529027998838446,std,0,train
P8_mixed_wit_vague,1,619,False,12,524.0,0.004117219673936614,6.529027998838446,std,0,train
P8_mixed_wit_vague,2,1008,False,12,524.0,0.002954401708801418,6.529027998838446,std,0,train
P8_mixed_wit_vague,3,812,True,2,320.0,0.0071359391012542845,6.367283513858261,std,0,train
P8_mixed_wit_vague,4,155,True,2,320.0,0.0003516089130088906,6.367283513858261,std,0,train
P8_mixed_wit_vague,5,1553,False,12,524.0,0.00013240083898082776,6.529027998838446,std,0,train
P8_mixed_wit_vague,6,864,False,12,524.0,0.0022742651745768414,6.529027998838446,std,0,train
P8_mixed_wit_vague,7,908,True,7,508.0,0.0015503084309404544,6.502970451551637,std,0,train
P8_mixed_wit_vague,8,261,False,12,524.0,0.0005937630804725817,6.529027998838446,std,0,train
P8_mixed_wit_vague,9,659,False,12,524.0,0.0008582176210904784,6.529027998838446,std,0,train
P8_mixed_wit_vague,10,570,False,12,524.0,0.003086039953960119,6.529027998838446,std,0,train
P8_mixed_wit_vague,11,1200,True,6,496.0,0.0018449111481567406,6.500760116887727,std,0,train
P9_mixed_wit_uniform30,0,901,False,8,528.0,0.0004477965824476259,7.270086998074561,std,0,train
P9_mixed_wit_uniform30,1,619,True,5,338.0,0.002407053360546434,7.244818735007883,std,0,train
P9_mixed_wit_uniform30,2,1008,False,8,528.0,0.001050487255031859,7.270086998074561,std,0,train
P9_mixed_wit_uniform30,3,812,True,2,104.0,0.0018239330000945483,7.2081966006388045,std,0,train
P9_mixed_wit_uniform30,4,155,False,8,528.0,0.00043020872400475395,7.270086998074561,std,0,train
P9_mixed_wit_uniform30,5,1553,False,8,528.0,0.00027362056812604407,7.270086998074561,std,0,train
P9_mixed_wit_uniform30,6,864,False,8,528.0,0.0008893424596036432,7.270086998074561,std,0,train
P9_mixed_wit_uniform30,7,908,False,8,528.0,0.0012695795452708867,7.270086998074561,std,0,train
P9_mixed_wit_uniform30,8,261,False,8,528.0,0.0007943001773787488,7.270086998074561,std,0,train
P9_mixed_wit_uniform30,9,659,True,4,268.0,0.0013304864719379036,7.231522390766254,std,0,train
P9_mixed_wit_uniform30,10,570,True,6,410.0,0.0012735338944444567,7.264848015268125,std,0,train
P9_mixed_wit_uniform30,11,1200,False,8,528.0,0.00042466100964798646,7.270086998074561,std,0,train
P10_mixed_wit_uniform50_temp2,0,901,False,7,527.0,0.0004927992700987948,7.359405648568654,std,0,train
P10_mixed_wit_uniform50_temp2,1,619,True,4,337.0,0.0018283864734304676,7.345401333560066,std,0,train
P10_mixed_wit_uniform50_temp2,2,1008,False,7,527.0,0.0009027024653350278,7.359405648568654,std,0,train
P10_mixed_wit_uniform50_temp2,3,812,True,2,104.0,0.0014632996926353767,7.333134955614245,std,0,train
P10_mixed_wit_uniform50_temp2,4,155,False,7,527.0,0.0004808373803582695,7.359405648568654,std,0,train
P10_mixed_wit_uniform50_temp2,5,1553,False,7,527.0,0.00037433832810711347,7.359405648568654,std,0,train
P10_mixed_wit_uniform50_temp2,6,864,False,7,527.0,0.0006851011711870481,7.359405648568654,std,0,train
P10_mixed_wit_uniform50_temp2,7,908,False,7,527.0,0.0010517119554529458,7.359405648568654,std,0,train
P10_mixed_wit_uniform50_temp2,8,261,False,7,527.0,0.0007284639936195624,7.359405648568654,std,0,train
P10_mixed_wit_uniform50_temp2,9,659,False,7,527.0,0.0003664793409489373,7.359405648568654,std,0,train
P10_mixed_wit_uniform50_temp2,10,570,True,4,337.0,0.001757016938283451,7.345401333560066,std,0,train
P10_mixed_wit_uniform50_temp2,11,1200,False,7,527.0,0.0004770642576859932,7.359405648568654,std,0,train
P3_quadratic_nowit_informative,0,901,False,12,506.0,0.0014185983780232176,6.760588409927636,lik_x1_5,0,train
P3_quadratic_nowit_informative,1,619,False,12,506.0,0.004086699816813324,6.760588409927636,lik_x1_5,0,train
P3_quadratic_nowit_informative,2,1008,False,12,506.0,0.001392575537591443,6.760588409927636,lik_x1_5,0,train
P3_quadratic_nowit_informative,3,812,True,1,16.0,0.0040041666689597565,6.580665615539849,lik_x1_5,0,train
P3_quadratic_nowit_informative,4,155,False,12,506.0,0.000585509937394738,6.760588409927636,lik_x1_5,0,train
P3_quadratic_nowit_informative,5,1553,False,12,506.0,0.00020489007242776767,6.760588409927636,lik_x1_5,0,train
P3_quadratic_nowit_informative,6,864,False,12,506.0,0.0014333246240870188,6.760588409927636,lik_x1_5,0,train
P3_quadratic_nowit_informative,7,908,True,6,370.0,0.0005981648467840953,6.706384975469869,lik_x1_5,0,train
P3_quadratic_nowit_informative,8,261,False,12,506.0,0.0016009999221189904,6.760588409927636,lik_x1_5,0,train
P3_quadratic_nowit_informative,9,659,True,1,16.0,0.0033750666122464253,6.580665615539849,lik_x1_5,0,train
P3_quadratic_nowit_informative,10,570,False,12,506.0,0.003512504548584255,6.760588409927636,lik_x1_5,0,train
P3_quadratic_nowit_informative,11,1200,False,12,506.0,0.0010483170420304338,6.760588409927636,lik_x1_5,0,train
P4_quadratic_wit_informative,0,901,False,12,506.0,0.0014185983780232176,6.760588409927636,lik_x1_5,0,train
P4_quadratic_wit_informative,1,619,False,12,506.0,0.004086699816813324,6.760588409927636,lik_x1_5,0,train
P4_quadratic_wit_informative,2,1008,True,6,370.0,0.0028657760846388584,6.706384975469869,lik_x1_5,0,train
P4_quadratic_wit_informative,3,812,False,12,506.0,0.00036614525278416866,6.760588409927636,lik_x1_5,0,train
P4_quadratic_wit_informative,4,155,False,12,506.0,0.000585509937394738,6.760588409927636,lik_x1_5,0,train
P4_quadratic_wit_informative,5,1553,False,12,506.0,0.00020489007242776767,6.760588409927636,lik_x1_5,0,train
P4_quadratic_wit_informative,6,864,False,12,506.0,0.0014333246240870188,6.760588409927636,lik_x1_5,0,train
P4_quadratic_wit_informative,7,908,True,5,238.0,0.0014489351141205424,6.702191754733543,lik_x1_5,0,train
P4_quadratic_wit_informative,8,261,False,12,506.0,0.0016009999221189904,6.760588409927636,lik_x1_5,0,train
P4_quadratic_wit_informative,9,659,True,6,370.0,0.0001284575445772934,6.706384975469869,lik_x1_5,0,train
P4_quadratic_wit_informative,10,570,False,12,506.0,0.003512504548584255,6.760588409927636,lik_x1_5,0,train
P4_quadratic_wit_informative,11,1200,False,12,506.0,0.0010483170420304338,6.760588409927636,lik_x1_5,0,train
P5_mixed_nowit_informative,0,901,False,9,530.0,0.001516820958163412,6.856715631119378,lik_x1_5,0,train
P5_mixed_nowit_informative,1,619,False,9,530.0,0.003138981877012202,6.856715631119378,lik_x1_5,0,train
P5_mixed_nowit_informative,2,1008,False,9,530.0,0.0011122648193924636,6.856715631119378,lik_x1_5,0,train
P5_mixed_nowit_informative,3,812,True,1,16.0,0.003095221121495035,6.774561365820095,lik_x1_5,0,train
P5_mixed_nowit_informative,4,155,False,9,530.0,0.000861017782476409,6.856715631119378,lik_x1_5,0,train
P5_mixed_nowit_informative,5,1553,False,9,530.0,0.0003606849500573542,6.856715631119378,lik_x1_5,0,train
P5_mixed_nowit_informative,6,864,False,9,530.0,0.0001486993370228566,6.856715631119378,lik_x1_5,0,train
P5_mixed_nowit_informative,7,908,True,3,244.0,0.0026976828479900617,6.814902716963635,lik_x1_5,0,train
P5_mixed_nowit_informative,8,261,False,9,530.0,0.0014930517346193586,6.856715631119378,lik_x1_5,0,train
P5_mixed_nowit_informative,9,659,True,1,16.0,0.00267529957753668,6.774561365820095,lik_x1_5,0,train
P5_mixed_nowit_informative,10,570,False,9,530.0,0.0028023544164240423,6.856715631119378,lik_x1_5,0,train
P5_mixed_nowit_informative,11,1200,False,9,530.0,0.001470224305510694,6.856715631119378,lik_x1_5,0,train
P6_mixed_wit_informative,0,901,False,12,528.0,0.00039345678547547506,7.019152956347293,lik_x1_5,0,train
P6_mixed_wit_informative,1,619,True,4,206.0,0.003145140547653474,6.960086121136618,lik_x1_5,0,train
P6_mixed_wit_informative,2,1008,False,12,528.0,0.0013806340425188942,7.019152956347293,lik_x1_5,0,train
P6_mixed_wit_informative,3,812,True,2,52.0,0.002359696763678872,6.923676544198569,lik_x1_5,0,train
P6_mixed_wit_informative,4,155,False,12,528.0,0.0003646487506995999,7.019152956347293,lik_x1_5,0,train
P6_mixed_wit_informative,5,1553,False,12,528.0,0.00010816516262112696,7.019152956347293,lik_x1_5,0,train
P6_mixed_wit_informative,6,864,True,5,492.0,0.0013765322636353295,6.987604722503363,lik_x1_5,0,train
P6_mixed_wit_informative,7,908,False,12,528.0,0.0017394962847204212,7.019152956347293,lik_x1_5,0,train
P6_mixed_wit_informative,8,261,False,12,528.0,0.0009610123889712021,7.019152956347293,lik_x1_5,0,train
P6_mixed_wit_informative,9,659,True,5,492.0,0.0017843082234209769,6.987604722503363,lik_x1_5,0,train
P6_mixed_wit_informative,10,570,True,4,206.0,0.0029975275246569605,6.960086121136618,lik_x1_5,0,train
P6_mixed_wit_informative,11,1200,False,12,528.0,0.00035556187132565573,7.019152956347293,lik_x1_5,0,train
P7_mixed_wit_weak,0,901,False,10,527.0,0.0007549407745851586,6.784807002465806,lik_x1_5,0,train
P7_mixed_wit_weak,1,619,False,10,527.0,0.004971967429257604,6.784807002465806,lik_x1_5,0,train
P7_mixed_wit_weak,2,1008,False,10,527.0,0.0025809828673539212,6.784807002465806,lik_x1_5,0,train
P7_mixed_wit_weak,3,812,False,10,527.0,4.623898228789415e-05,6.784807002465806,lik_x1_5,0,train
P7_mixed_wit_weak,4,155,False,10,527.0,0.0006888185359924704,6.784807002465806,lik_x1_5,0,train
P7_mixed_wit_weak,5,1553,False,10,527.0,0.00016560018455680673,6.784807002465806,lik_x1_5,0,train
P7_mixed_wit_weak,6,864,True,4,410.0,0.0011731119324951862,6.701486167385601,lik_x1_5,0,train
P7_mixed_wit_weak,7,908,True,4,410.0,0.0030962067681436787,6.701486167385601,lik_x1_5,0,train
P7_mixed_wit_weak,8,261,False,10,527.0,0.001084663752598039,6.784807002465806,lik_x1_5,0,train
P7_mixed_wit_weak,9,659,True,3,212.0,0.002995529784090946,6.6623797459506235,lik_x1_5,0,train
P7_mixed_wit_weak,10,570,False,10,527.0,0.004218563854188231,6.784807002465806,lik_x1_5,0,train
P7_mixed_wit_weak,11,1200,False,10,527.0,0.0015017969369389675,6.784807002465806,lik_x1_5,0,train
P8_mixed_wit_vague,0,901,False,12,526.0,0.0011857492168869813,6.504607745090391,lik_x1_5,0,train
P8_mixed_wit_vague,1,619,False,12,526.0,0.004645393127511481,6.504607745090391,lik_x1_5,0,train
P8_mixed_wit_vague,2,1008,False,12,526.0,0.003333404209849205,6.504607745090391,lik_x1_5,0,train
P8_mixed_wit_vague,3,812,True,2,320.0,0.007253947852923518,6.365258520179754,lik_x1_5,0,train
P8_mixed_wit_vague,4,155,True,2,320.0,0.0003574235546855078,6.365258520179754,lik_x1_5,0,train
P8_mixed_wit_vague,5,1553,False,12,526.0,0.000149385749653289,6.504607745090391,lik_x1_5,0,train
P8_mixed_wit_vague,6,864,False,12,526.0,0.001675309478075869,6.504607745090391,lik_x1_5,0,train
P8_mixed_wit_vague,7,908,True,8,514.0,0.0009373867864115227,6.485474816089936,lik_x1_5,0,train
P8_mixed_wit_vague,8,261,False,12,526.0,0.0005150741586840824,6.504607745090391,lik_x1_5,0,train
P8_mixed_wit_vague,9,659,False,12,526.0,0.00039700391620080456,6.504607745090391,lik_x1_5,0,train
P8_mixed_wit_vague,10,570,False,12,526.0,0.0034819295370861684,6.504607745090391,lik_x1_5,0,train
P8_mixed_wit_vague,11,1200,True,7,502.0,0.001324745070176988,6.483400623662533,lik_x1_5,0,train
P9_mixed_wit_uniform30,0,901,False,6,530.0,0.0004611165822147223,7.258053366090662,lik_x1_5,0,train
P9_mixed_wit_uniform30,1,619,True,4,258.0,0.002352914077173148,7.2276058905490945,lik_x1_5,0,train
P9_mixed_wit_uniform30,2,1008,False,6,530.0,0.001081734679735013,7.258053366090662,lik_x1_5,0,train
P9_mixed_wit_uniform30,3,812,True,2,104.0,0.001833132299764934,7.208135560332801,lik_x1_5,0,train
P9_mixed_wit_uniform30,4,155,False,6,530.0,0.00044300556151571555,7.258053366090662,lik_x1_5,0,train
P9_mixed_wit_uniform30,5,1553,False,6,530.0,0.0002817595893838447,7.258053366090662,lik_x1_5,0,train
P9_mixed_wit_uniform30,6,864,False,6,530.0,0.00031541894098223515,7.258053366090662,lik_x1_5,0,train
P9_mixed_wit_uniform30,7,908,False,6,530.0,0.0013073440122413254,7.258053366090662,lik_x1_5,0,train
P9_mixed_wit_uniform30,8,261,False,6,530.0,0.0008179271513048553,7.258053366090662,lik_x1_5,0,train
P9_mixed_wit_uniform30,9,659,True,5,518.0,0.0014043088413465544,7.246630730795049,lik_x1_5,0,train
P9_mixed_wit_uniform30,10,570,True,5,518.0,0.0005789596271628713,7.246630730795049,lik_x1_5,0,train
P9_mixed_wit_uniform30,11,1200,False,6,530.0,0.00043729282679738976,7.258053366090662,lik_x1_5,0,train
P10_mixed_wit_uniform50_temp2,0,901,False,7,527.0,0.0005021498005574163,7.34380682808229,lik_x1_5,0,train
P10_mixed_wit_uniform50_temp2,1,619,True,4,337.0,0.0018487306599869293,7.3374231519631765,lik_x1_5,0,train
P10_mixed_wit_uniform50_temp2,2,1008,False,7,527.0,0.0009198306296999946,7.34380682808229,lik_x1_5,0,train
P10_mixed_wit_uniform50_temp2,3,812,True,2,104.0,0.0014691177312811106,7.332635749316351,lik_x1_5,0,train
P10_mixed_wit_uniform50_temp2,4,155,False,7,527.0,0.0004899609421074221,7.34380682808229,lik_x1_5,0,train
P10_mixed_wit_uniform50_temp2,5,1553,False,7,527.0,0.00038144114288622883,7.34380682808229,lik_x1_5,0,train
P10_mixed_wit_uniform50_temp2,6,864,False,7,527.0,0.00045577810588840487,7.34380682808229,lik_x1_5,0,train
P10_mixed_wit_uniform50_temp2,7,908,False,7,527.0,0.0010716674733886513,7.34380682808229,lik_x1_5,0,train
P10_mixed_wit_uniform50_temp2,8,261,False,7,527.0,0.0007422861016737871,7.34380682808229,lik_x1_5,0,train
P10_mixed_wit_uniform50_temp2,9,659,False,7,527.0,0.00020609400373777938,7.34380682808229,lik_x1_5,0,train
P10_mixed_wit_uniform50_temp2,10,570,True,4,337.0,0.0017765670065511495,7.3374231519631765,lik_x1_5,0,train
P10_mixed_wit_uniform50_temp2,11,1200,False,7,527.0,0.00048611622700266485,7.34380682808229,lik_x1_5,0,train
P3_quadratic_nowit_informative,0,901,False,12,516.0,0.0014742532102664132,6.721832119610656,lik_x2,0,train
P3_quadratic_nowit_informative,1,619,False,12,516.0,0.004247030320680093,6.721832119610656,lik_x2,0,train
P3_quadratic_nowit_informative,2,1008,False,12,516.0,0.00030743478012441254,6.721832119610656,lik_x2,0,train
P3_quadratic_nowit_informative,3,812,True,1,16.0,0.0040041666689597565,6.580665615539849,lik_x2,0,train
P3_quadratic_nowit_informative,4,155,False,12,516.0,0.0006084808203784309,6.721832119610656,lik_x2,0,train
P3_quadratic_nowit_informative,5,1553,False,12,516.0,0.00021292837473088592,6.721832119610656,lik_x2,0,train
P3_quadratic_nowit_informative,6,864,False,12,516.0,0.0004145373980903391,6.721832119610656,lik_x2,0,train
P3_quadratic_nowit_informative,7,908,True,7,428.0,0.00037065848307777185,6.716100949390765,lik_x2,0,train
P3_quadratic_nowit_informative,8,261,False,12,516.0,0.0016638107806870547,6.721832119610656,lik_x2,0,train
P3_quadratic_nowit_informative,9,659,True,1,16.0,0.0033750666122464253,6.580665615539849,lik_x2,0,train
P3_quadratic_nowit_informative,10,570,False,12,516.0,0.003650308069604298,6.721832119610656,lik_x2,0,train
P3_quadratic_nowit_informative,11,1200,False,12,516.0,0.0010894448975360825,6.721832119610656,lik_x2,0,train
P4_quadratic_wit_informative,0,901,False,12,516.0,0.0014742532102664132,6.721832119610656,lik_x2,0,train
P4_quadratic_wit_informative,1,619,False,12,516.0,0.004247030320680093,6.721832119610656,lik_x2,0,train
P4_quadratic_wit_informative,2,1008,True,7,428.0,0.003309850657227181,6.716100949390765,lik_x2,0,train
P4_quadratic_wit_informative,3,812,False,12,516.0,5.513027338075995e-05,6.721832119610656,lik_x2,0,train
P4_quadratic_wit_informative,4,155,False,12,516.0,0.0006084808203784309,6.721832119610656,lik_x2,0,train
P4_quadratic_wit_informative,5,1553,False,12,516.0,0.00021292837473088592,6.721832119610656,lik_x2,0,train
P4_quadratic_wit_informative,6,864,True,6,392.0,0.0018361613459940327,6.690117644667411,lik_x2,0,train
P4_quadratic_wit_informative,7,908,True,5,238.0,0.0010896225254089726,6.690244376080851,lik_x2,0,train
P4_quadratic_wit_informative,8,261,False,12,516.0,0.0016638107806870547,6.721832119610656,lik_x2,0,train
P4_quadratic_wit_informative,9,659,False,12,516.0,5.0051952023484046e-05,6.721832119610656,lik_x2,0,train
P4_quadratic_wit_informative,10,570,False,12,516.0,0.003650308069604298,6.721832119610656,lik_x2,0,train
P4_quadratic_wit_informative,11,1200,False,12,516.0,0.0010894448975360825,6.721832119610656,lik_x2,0,train
P5_mixed_nowit_informative,0,901,False,9,530.0,0.001560611778920848,6.835662546358753,lik_x2,0,train
P5_mixed_nowit_informative,1,619,False,9,530.0,0.0032296046970604654,6.835662546358753,lik_x2,0,train
P5_mixed_nowit_informative,2,1008,False,9,530.0,0.0008394852755497184,6.835662546358753,lik_x2,0,train
P5_mixed_nowit_informative,3,812,True,1,16.0,0.003095221121495035,6.774561365820095,lik_x2,0,train
P5_mixed_nowit_informative,4,155,False,9,530.0,0.0008858754792127741,6.835662546358753,lik_x2,0,train
P5_mixed_nowit_informative,5,1553,False,9,530.0,0.0003710979720510579,6.835662546358753,lik_x2,0,train
P5_mixed_nowit_informative,6,864,False,9,530.0,5.2693660452011574e-05,6.835662546358753,lik_x2,0,train
P5_mixed_nowit_informative,7,908,True,3,244.0,0.002724709418052453,6.805958187177454,lik_x2,0,train
P5_mixed_nowit_informative,8,261,False,9,530.0,0.0015361563347637691,6.835662546358753,lik_x2,0,train
P5_mixed_nowit_informative,9,659,True,1,16.0,0.00267529957753668,6.774561365820095,lik_x2,0,train
P5_mixed_nowit_informative,10,570,False,9,530.0,0.0028832587573668395,6.835662546358753,lik_x2,0,train
P5_mixed_nowit_informative,11,1200,False,9,530.0,0.0015126698747714182,6.835662546358753,lik_x2,0,train
P6_mixed_wit_informative,0,901,False,12,528.0,0.0004057880879797248,6.997552510885877,lik_x2,0,train
P6_mixed_wit_informative,1,619,True,4,206.0,0.003194363009431648,6.95620195381301,lik_x2,0,train
P6_mixed_wit_informative,2,1008,False,12,528.0,0.0014239044006737081,6.997552510885877,lik_x2,0,train
P6_mixed_wit_informative,3,812,True,2,52.0,0.002370470958745059,6.92499260468598,lik_x2,0,train
P6_mixed_wit_informative,4,155,False,12,528.0,0.00037607718253421544,6.997552510885877,lik_x2,0,train
P6_mixed_wit_informative,5,1553,False,12,528.0,0.00011155515966766572,6.997552510885877,lik_x2,0,train
P6_mixed_wit_informative,6,864,True,5,492.0,0.0011347940730581788,6.979514922422403,lik_x2,0,train
P6_mixed_wit_informative,7,908,False,12,528.0,0.0017940137201383518,6.997552510885877,lik_x2,0,train
P6_mixed_wit_informative,8,261,False,12,528.0,0.0009911314132610355,6.997552510885877,lik_x2,0,train
P6_mixed_wit_informative,9,659,True,5,492.0,0.0018204668942455712,6.979514922422403,lik_x2,0,train
P6_mixed_wit_informative,10,570,True,4,206.0,0.0030444397951186206,6.95620195381301,lik_x2,0,train
P6_mixed_wit_informative,11,1200,False,12,528.0,0.000366705511888355,6.997552510885877,lik_x2,0,train
P7_mixed_wit_weak,0,901,False,10,527.0,0.0007810461316396705,6.772629321137187,lik_x2,0,train
P7_mixed_wit_weak,1,619,False,10,527.0,0.005143894803395657,6.772629321137187,lik_x2,0,train
P7_mixed_wit_weak,2,1008,False,10,527.0,0.0026702315628438105,6.772629321137187,lik_x2,0,train
P7_mixed_wit_weak,3,812,False,10,527.0,8.82405427946261e-06,6.772629321137187,lik_x2,0,train
P7_mixed_wit_weak,4,155,False,10,527.0,0.0007126374293854397,6.772629321137187,lik_x2,0,train
P7_mixed_wit_weak,5,1553,False,10,527.0,0.00017132653037317097,6.772629321137187,lik_x2,0,train
P7_mixed_wit_weak,6,864,True,4,410.0,0.0007799285990444278,6.6876561210137115,lik_x2,0,train
P7_mixed_wit_weak,7,908,True,4,410.0,0.0031528973999011864,6.6876561210137115,lik_x2,0,train
P7_mixed_wit_weak,8,261,False,10,527.0,0.0011221707140695771,6.772629321137187,lik_x2,0,train
P7_mixed_wit_weak,9,659,True,3,212.0,0.0030421405510654164,6.656487832544902,lik_x2,0,train
P7_mixed_wit_weak,10,570,False,10,527.0,0.004364439026623259,6.772629321137187,lik_x2,0,train
P7_mixed_wit_weak,11,1200,False,10,527.0,0.001553728090457212,6.772629321137187,lik_x2,0,train
P8_mixed_wit_vague,0,901,False,12,526.0,0.0012800660022539937,6.4597154055080495,lik_x2,0,train
P8_mixed_wit_vague,1,619,False,12,526.0,0.005014896678779401,6.4597154055080495,lik_x2,0,train
P8_mixed_wit_vague,2,1008,False,12,526.0,0.003598549625864952,6.4597154055080495,lik_x2,0,train
P8_mixed_wit_vague,3,812,True,2,320.0,0.007313924669576323,6.358632510075498,lik_x2,0,train
P8_mixed_wit_vague,4,155,True,2,320.0,0.00036037879057104386,6.358632510075498,lik_x2,0,train
P8_mixed_wit_vague,5,1553,False,12,526.0,0.0001612681810192821,6.4597154055080495,lik_x2,0,train
P8_mixed_wit_vague,6,864,False,12,526.0,0.001180782948183804,6.4597154055080495,lik_x2,0,train
P8_mixed_wit_vague,7,908,True,8,514.0,0.0005405498148525535,6.441170098649506,lik_x2,0,train
P8_mixed_wit_vague,8,261,False,12,526.0,0.0004275111207659522,6.4597154055080495,lik_x2,0,train
P8_mixed_wit_vague,9,659,False,12,526.0,0.0001757167804168181,6.4597154055080495,lik_x2,0,train
P8_mixed_wit_vague,10,570,False,12,526.0,0.00375888894480528,6.4597154055080495,lik_x2,0,train
P8_mixed_wit_vague,11,1200,True,7,502.0,0.0009078569546349518,6.43957425770237,lik_x2,0,train
P9_mixed_wit_uniform30,0,901,False,6,530.0,0.00046906242010118454,7.244183848909593,lik_x2,0,train
P9_mixed_wit_uniform30,1,619,True,4,258.0,0.0023744058337371666,7.223308789587504,lik_x2,0,train
P9_mixed_wit_uniform30,2,1008,False,6,530.0,0.0011003748430534856,7.244183848909593,lik_x2,0,train
P9_mixed_wit_uniform30,3,812,True,2,104.0,0.001839133476993859,7.206705313558849,lik_x2,0,train
P9_mixed_wit_uniform30,4,155,False,6,530.0,0.0004506393151267836,7.244183848909593,lik_x2,0,train
P9_mixed_wit_uniform30,5,1553,False,6,530.0,0.0002866147954348768,7.244183848909593,lik_x2,0,train
P9_mixed_wit_uniform30,6,864,False,6,530.0,0.00016926257168753842,7.244183848909593,lik_x2,0,train
P9_mixed_wit_uniform30,7,908,False,6,530.0,0.001329871815369145,7.244183848909593,lik_x2,0,train
P9_mixed_wit_uniform30,8,261,False,6,530.0,0.0008320214536957802,7.244183848909593,lik_x2,0,train
P9_mixed_wit_uniform30,9,659,True,5,518.0,0.0014217905585530034,7.239536593785012,lik_x2,0,train
P9_mixed_wit_uniform30,10,570,True,5,518.0,0.00036789019653620566,7.239536593785012,lik_x2,0,train
P9_mixed_wit_uniform30,11,1200,False,6,530.0,0.00044482814008835013,7.244183848909593,lik_x2,0,train
P10_mixed_wit_uniform50_temp2,0,901,False,7,527.0,0.0005069902098039723,7.331751513729495,lik_x2,0,train
P10_mixed_wit_uniform50_temp2,1,619,True,4,337.0,0.001859811333915909,7.330964029748575,lik_x2,0,train
P10_mixed_wit_uniform50_temp2,2,1008,False,7,527.0,0.0009286972202678348,7.331751513729495,lik_x2,0,train
P10_mixed_wit_uniform50_temp2,3,812,True,2,104.0,0.0014729055722226315,7.331212209804731,lik_x2,0,train
P10_mixed_wit_uniform50_temp2,4,155,False,7,527.0,0.0004946838584005192,7.331751513729495,lik_x2,0,train
P10_mixed_wit_uniform50_temp2,5,1553,False,7,527.0,0.0003851179963530506,7.331751513729495,lik_x2,0,train
P10_mixed_wit_uniform50_temp2,6,864,False,7,527.0,0.0003004382671134311,7.331751513729495,lik_x2,0,train
P10_mixed_wit_uniform50_temp2,7,908,False,7,527.0,0.0010819976759331225,7.331751513729495,lik_x2,0,train
P10_mixed_wit_uniform50_temp2,8,261,False,7,527.0,0.0007494412743058254,7.331751513729495,lik_x2,0,train
P10_mixed_wit_uniform50_temp2,9,659,False,7,527.0,0.00011483763887593009,7.331751513729495,lik_x2,0,train
P10_mixed_wit_uniform50_temp2,10,570,True,4,337.0,0.001787215155650768,7.330964029748575,lik_x2,0,train
P10_mixed_wit_uniform50_temp2,11,1200,False,7,527.0,0.0004908020826526575,7.331751513729495,lik_x2,0,train
P3_quadratic_nowit_informative,0,901,False,12,506.0,0.0014185983780232176,6.760588409927636,explore_x1_5,0,train
P3_quadratic_nowit_informative,1,619,False,12,506.0,0.004086699816813324,6.760588409927636,explore_x1_5,0,train
P3_quadratic_nowit_informative,2,1008,False,12,506.0,0.001392575537591443,6.760588409927636,explore_x1_5,0,train
P3_quadratic_nowit_informative,3,812,True,1,16.0,0.0040041666689597565,6.580665615539849,explore_x1_5,0,train
P3_quadratic_nowit_informative,4,155,False,12,506.0,0.000585509937394738,6.760588409927636,explore_x1_5,0,train
P3_quadratic_nowit_informative,5,1553,False,12,506.0,0.00020489007242776767,6.760588409927636,explore_x1_5,0,train
P3_quadratic_nowit_informative,6,864,False,12,506.0,0.0014333246240870188,6.760588409927636,explore_x1_5,0,train
P3_quadratic_nowit_informative,7,908,True,6,370.0,0.0005981648467840953,6.706384975469869,explore_x1_5,0,train
P3_quadratic_nowit_informative,8,261,False,12,506.0,0.0016009999221189904,6.760588409927636,explore_x1_5,0,train
P3_quadratic_nowit_informative,9,659,True,1,16.0,0.0033750666122464253,6.580665615539849,explore_x1_5,0,train
P3_quadratic_nowit_informative,10,570,False,12,506.0,0.003512504548584255,6.760588409927636,explore_x1_5,0,train
P3_quadratic_nowit_informative,11,1200,False,12,506.0,0.0010483170420304338,6.760588409927636,explore_x1_5,0,train
P4_quadratic_wit_informative,0,901,False,12,506.0,0.0014185983780232176,6.760588409927636,explore_x1_5,0,train
P4_quadratic_wit_informative,1,619,False,12,506.0,0.004086699816813324,6.760588409927636,explore_x1_5,0,train
P4_quadratic_wit_informative,2,1008,True,6,370.0,0.0028657760846388584,6.706384975469869,explore_x1_5,0,train
P4_quadratic_wit_informative,3,812,False,12,506.0,0.00036614525278416866,6.760588409927636,explore_x1_5,0,train
P4_quadratic_wit_informative,4,155,False,12,506.0,0.000585509937394738,6.760588409927636,explore_x1_5,0,train
P4_quadratic_wit_informative,5,1553,False,12,506.0,0.00020489007242776767,6.760588409927636,explore_x1_5,0,train
P4_quadratic_wit_informative,6,864,False,12,506.0,0.0014333246240870188,6.760588409927636,explore_x1_5,0,train
P4_quadratic_wit_informative,7,908,True,5,238.0,0.0014489351141205424,6.702191754733543,explore_x1_5,0,train
P4_quadratic_wit_informative,8,261,False,12,506.0,0.0016009999221189904,6.760588409927636,explore_x1_5,0,train
P4_quadratic_wit_informative,9,659,True,6,370.0,0.0001284575445772934,6.706384975469869,explore_x1_5,0,train
P4_quadratic_wit_informative,10,570,False,12,506.0,0.003512504548584255,6.760588409927636,explore_x1_5,0,train
P4_quadratic_wit_informative,11,1200,False,12,506.0,0.0010483170420304338,6.760588409927636,explore_x1_5,0,train
P5_mixed_nowit_informative,0,901,False,9,530.0,0.001516820958163412,6.856715631119378,explore_x1_5,0,train
P5_mixed_nowit_informative,1,619,False,9,530.0,0.003138981877012202,6.856715631119378,explore_x1_5,0,train
P5_mixed_nowit_informative,2,1008,False,9,530.0,0.0011122648193924636,6.856715631119378,explore_x1_5,0,train
P5_mixed_nowit_informative,3,812,True,1,16.0,0.003095221121495035,6.774561365820095,explore_x1_5,0,train
P5_mixed_nowit_informative,4,155,False,9,530.0,0.000861017782476409,6.856715631119378,explore_x1_5,0,train
P5_mixed_nowit_informative,5,1553,False,9,530.0,0.0003606849500573542,6.856715631119378,explore_x1_5,0,train
P5_mixed_nowit_informative,6,864,False,9,530.0,0.0001486993370228566,6.856715631119378,explore_x1_5,0,train
P5_mixed_nowit_informative,7,908,True,3,244.0,0.0026976828479900617,6.814902716963635,explore_x1_5,0,train
P5_mixed_nowit_informative,8,261,False,9,530.0,0.0014930517346193586,6.856715631119378,explore_x1_5,0,train
P5_mixed_nowit_informative,9,659,True,1,16.0,0.00267529957753668,6.774561365820095,explore_x1_5,0,train
P5_mixed_nowit_informative,10,570,False,9,530.0,0.0028023544164240423,6.856715631119378,explore_x1_5,0,train
P5_mixed_nowit_informative,11,1200,False,9,530.0,0.001470224305510694,6.856715631119378,explore_x1_5,0,train
P6_mixed_wit_informative,0,901,False,7,527.0,0.00038478642935198,7.017784016730726,explore_x1_5,0,train
P6_mixed_wit_informative,1,619,True,3,205.0,0.003082227886551443,6.948711787987141,explore_x1_5,0,train
P6_mixed_wit_informative,2,1008,False,7,527.0,0.0013502098910828128,7.017784016730726,explore_x1_5,0,train
P6_mixed_wit_informative,3,812,True,2,100.0,0.002359696763678872,6.923676544198569,explore_x1_5,0,train
P6_mixed_wit_informative,4,155,False,7,527.0,0.0003566132188565477,7.017784016730726,explore_x1_5,0,train
P6_mixed_wit_informative,5,1553,False,7,527.0,0.00010578159595078065,7.017784016730726,explore_x1_5,0,train
P6_mixed_wit_informative,6,864,True,5,315.0,0.0013896262424348948,6.980084634308104,explore_x1_5,0,train
P6_mixed_wit_informative,7,908,False,7,527.0,0.001701164115036788,7.017784016730726,explore_x1_5,0,train
P6_mixed_wit_informative,8,261,False,7,527.0,0.0009398351721609697,7.017784016730726,explore_x1_5,0,train
P6_mixed_wit_informative,9,659,True,5,315.0,0.001801281086801354,6.980084634308104,explore_x1_5,0,train
P6_mixed_wit_informative,10,570,True,3,205.0,0.0029375675863186077,6.948711787987141,explore_x1_5,0,train
P6_mixed_wit_informative,11,1200,False,7,527.0,0.0003477265812451853,7.017784016730726,explore_x1_5,0,train
P7_mixed_wit_weak,0,901,False,10,527.0,0.0007549407745851586,6.784807002465806,explore_x1_5,0,train
P7_mixed_wit_weak,1,619,False,10,527.0,0.004971967429257605,6.784807002465806,explore_x1_5,0,train
P7_mixed_wit_weak,2,1008,False,10,527.0,0.0025809828673539217,6.784807002465806,explore_x1_5,0,train
P7_mixed_wit_weak,3,812,False,10,527.0,4.623898228789415e-05,6.784807002465806,explore_x1_5,0,train
P7_mixed_wit_weak,4,155,False,10,527.0,0.0006888185359924704,6.784807002465806,explore_x1_5,0,train
P7_mixed_wit_weak,5,1553,False,10,527.0,0.00016560018455680675,6.784807002465806,explore_x1_5,0,train
P7_mixed_wit_weak,6,864,True,4,410.0,0.0011731119324951862,6.701486167385601,explore_x1_5,0,train
P7_mixed_wit_weak,7,908,True,4,410.0,0.0030962067681436787,6.701486167385601,explore_x1_5,0,train
P7_mixed_wit_weak,8,261,False,10,527.0,0.0010846637525980393,6.784807002465806,explore_x1_5,0,train
P7_mixed_wit_weak,9,659,True,3,212.0,0.002995529784090946,6.6623797459506235,explore_x1_5,0,train
P7_mixed_wit_weak,10,570,False,10,527.0,0.004218563854188232,6.784807002465806,explore_x1_5,0,train
P7_mixed_wit_weak,11,1200,False,10,527.0,0.0015017969369389677,6.784807002465806,explore_x1_5,0,train
P8_mixed_wit_vague,0,901,False,9,530.0,0.0011738492063482638,6.491958441364889,explore_x1_5,0,train
P8_mixed_wit_vague,1,619,False,9,530.0,0.004598772622613319,6.491958441364889,explore_x1_5,0,train
P8_mixed_wit_vague,2,1008,False,9,530.0,0.003299950639176689,6.491958441364889,explore_x1_5,0,train
P8_mixed_wit_vague,3,812,True,2,320.0,0.007253947852923518,6.365258520179754,explore_x1_5,0,train
P8_mixed_wit_vague,4,155,True,2,320.0,0.0003574235546855078,6.365258520179754,explore_x1_5,0,train
P8_mixed_wit_vague,5,1553,False,9,530.0,0.00014788653551096358,6.491958441364889,explore_x1_5,0,train
P8_mixed_wit_vague,6,864,False,9,530.0,0.001658496310366549,6.491958441364889,explore_x1_5,0,train
P8_mixed_wit_vague,7,908,True,7,520.0,0.0009268502013662006,6.472983442672398,explore_x1_5,0,train
P8_mixed_wit_vague,8,261,False,9,530.0,0.0005099049476660447,6.491958441364889,explore_x1_5,0,train
P8_mixed_wit_vague,9,659,False,9,530.0,0.00039301964134789367,6.491958441364889,explore_x1_5,0,train
P8_mixed_wit_vague,10,570,False,9,530.0,0.003446985387348353,6.491958441364889,explore_x1_5,0,train
P8_mixed_wit_vague,11,1200,True,6,496.0,0.0013099776327158126,6.471128860746412,explore_x1_5,0,train
P9_mixed_wit_uniform30,0,901,False,6,530.0,0.0004611165822147223,7.258053366090662,explore_x1_5,0,train
P9_mixed_wit_uniform30,1,619,True,4,258.0,0.002352914077173148,7.2276058905490945,explore_x1_5,0,train
P9_mixed_wit_uniform30,2,1008,False,6,530.0,0.001081734679735013,7.258053366090662,explore_x1_5,0,train
P9_mixed_wit_uniform30,3,812,True,2,104.0,0.001833132299764934,7.208135560332801,explore_x1_5,0,train
P9_mixed_wit_uniform30,4,155,False,6,530.0,0.00044300556151571555,7.258053366090662,explore_x1_5,0,train
P9_mixed_wit_uniform30,5,1553,False,6,530.0,0.0002817595893838447,7.258053366090662,explore_x1_5,0,train
P9_mixed_wit_uniform30,6,864,False,6,530.0,0.00031541894098223515,7.258053366090662,explore_x1_5,0,train
P9_mixed_wit_uniform30,7,908,False,6,530.0,0.0013073440122413254,7.258053366090662,explore_x1_5,0,train
P9_mixed_wit_uniform30,8,261,False,6,530.0,0.0008179271513048553,7.258053366090662,explore_x1_5,0,train
P9_mixed_wit_uniform30,9,659,True,5,518.0,0.0014043088413465544,7.246630730795049,explore_x1_5,0,train
P9_mixed_wit_uniform30,10,570,True,5,518.0,0.0005789596271628713,7.246630730795049,explore_x1_5,0,train
P9_mixed_wit_uniform30,11,1200,False,6,530.0,0.00043729282679738976,7.258053366090662,explore_x1_5,0,train
P10_mixed_wit_uniform50_temp2,0,901,False,7,527.0,0.0005021498005574163,7.34380682808229,explore_x1_5,0,train
P10_mixed_wit_uniform50_temp2,1,619,True,4,337.0,0.0018487306599869293,7.3374231519631765,explore_x1_5,0,train
P10_mixed_wit_uniform50_temp2,2,1008,False,7,527.0,0.0009198306296999946,7.34380682808229,explore_x1_5,0,train
P10_mixed_wit_uniform50_temp2,3,812,True,2,104.0,0.0014691177312811106,7.332635749316351,explore_x1_5,0,train
P10_mixed_wit_uniform50_temp2,4,155,False,7,527.0,0.0004899609421074221,7.34380682808229,explore_x1_5,0,train
P10_mixed_wit_uniform50_temp2,5,1553,False,7,527.0,0.00038144114288622883,7.34380682808229,explore_x1_5,0,train
P10_mixed_wit_uniform50_temp2,6,864,False,7,527.0,0.00045577810588840487,7.34380682808229,explore_x1_5,0,train
P10_mixed_wit_uniform50_temp2,7,908,False,7,527.0,0.0010716674733886513,7.34380682808229,explore_x1_5,0,train
P10_mixed_wit_uniform50_temp2,8,261,False,7,527.0,0.0007422861016737871,7.34380682808229,explore_x1_5,0,train
P10_mixed_wit_uniform50_temp2,9,659,False,7,527.0,0.00020609400373777938,7.34380682808229,explore_x1_5,0,train
P10_mixed_wit_uniform50_temp2,10,570,True,4,337.0,0.0017765670065511495,7.3374231519631765,explore_x1_5,0,train
P10_mixed_wit_uniform50_temp2,11,1200,False,7,527.0,0.00048611622700266485,7.34380682808229,explore_x1_5,0,train
P3_quadratic_nowit_informative,0,901,False,11,527.0,0.0012435411032151729,6.762025003482057,soft_x0_75,0,train
P3_quadratic_nowit_informative,1,619,False,11,527.0,0.0035823946209433103,6.762025003482057,soft_x0_75,0,train
P3_quadratic_nowit_informative,2,1008,False,11,527.0,0.0012207295222908979,6.762025003482057,soft_x0_75,0,train
P3_quadratic_nowit_informative,3,812,True,1,16.0,0.0040041666689597565,6.580665615539849,soft_x0_75,0,train
P3_quadratic_nowit_informative,4,155,False,11,527.0,0.0005132570886665587,6.762025003482057,soft_x0_75,0,train
P3_quadratic_nowit_informative,5,1553,False,11,527.0,0.00017960631469190422,6.762025003482057,soft_x0_75,0,train
P3_quadratic_nowit_informative,6,864,True,5,438.0,0.001958843364879976,6.690571992067182,soft_x0_75,0,train
P3_quadratic_nowit_informative,7,908,True,5,438.0,0.002154776778631982,6.690571992067182,soft_x0_75,0,train
P3_quadratic_nowit_informative,8,261,False,11,527.0,0.0014034340094012652,6.762025003482057,soft_x0_75,0,train
P3_quadratic_nowit_informative,9,659,True,1,16.0,0.0033750666122464253,6.580665615539849,soft_x0_75,0,train
P3_quadratic_nowit_informative,10,570,False,11,527.0,0.0030790559534414528,6.762025003482057,soft_x0_75,0,train
P3_quadratic_nowit_informative,11,1200,False,11,527.0,0.0009189530674512414,6.762025003482057,soft_x0_75,0,train
P4_quadratic_wit_informative,0,901,False,11,527.0,0.0012435411032151729,6.762025003482057,soft_x0_75,0,train
P4_quadratic_wit_informative,1,619,False,11,527.0,0.0035823946209433103,6.762025003482057,soft_x0_75,0,train
P4_quadratic_wit_informative,2,1008,True,7,489.0,0.002952136743867813,6.748156196677739,soft_x0_75,0,train
P4_quadratic_wit_informative,3,812,False,11,527.0,0.0006623233257139243,6.762025003482057,soft_x0_75,0,train
P4_quadratic_wit_informative,4,155,False,11,527.0,0.0005132570886665587,6.762025003482057,soft_x0_75,0,train
P4_quadratic_wit_informative,5,1553,False,11,527.0,0.00017960631469190422,6.762025003482057,soft_x0_75,0,train
P4_quadratic_wit_informative,6,864,False,11,527.0,0.0012564501073129906,6.762025003482057,soft_x0_75,0,train
P4_quadratic_wit_informative,7,908,True,5,438.0,0.002154776778631982,6.690571992067182,soft_x0_75,0,train
P4_quadratic_wit_informative,8,261,False,11,527.0,0.0014034340094012652,6.762025003482057,soft_x0_75,0,train
P4_quadratic_wit_informative,9,659,True,5,438.0,0.0006781936372674717,6.690571992067182,soft_x0_75,0,train
P4_quadratic_wit_informative,10,570,False,11,527.0,0.0030790559534414528,6.762025003482057,soft_x0_75,0,train
P4_quadratic_wit_informative,11,1200,False,11,527.0,0.0009189530674512414,6.762025003482057,soft_x0_75,0,train
P5_mixed_nowit_informative,0,901,False,11,527.0,0.0013738105148771759,6.887410271856975,soft_x0_75,0,train
P5_mixed_nowit_informative,1,619,False,11,527.0,0.002843029222031405,6.887410271856975,soft_x0_75,0,train
P5_mixed_nowit_informative,2,1008,False,11,527.0,0.0016033717681866622,6.887410271856975,soft_x0_75,0,train
P5_mixed_nowit_informative,3,812,True,1,16.0,0.003095221121495035,6.774561365820095,soft_x0_75,0,train
P5_mixed_nowit_informative,4,155,False,11,527.0,0.0007798384355755221,6.887410271856975,soft_x0_75,0,train
P5_mixed_nowit_informative,5,1553,False,11,527.0,0.0003266784878465262,6.887410271856975,soft_x0_75,0,train
P5_mixed_nowit_informative,6,864,False,11,527.0,0.0006662978049808445,6.887410271856975,soft_x0_75,0,train
P5_mixed_nowit_informative,7,908,True,3,244.0,0.002614009960301302,6.821654420922476,soft_x0_75,0,train
P5_mixed_nowit_informative,8,261,False,11,527.0,0.001352282325238483,6.887410271856975,soft_x0_75,0,train
P5_mixed_nowit_informative,9,659,True,1,16.0,0.00267529957753668,6.774561365820095,soft_x0_75,0,train
P5_mixed_nowit_informative,10,570,False,11,527.0,0.002538140011170044,6.887410271856975,soft_x0_75,0,train
P5_mixed_nowit_informative,11,1200,False,11,527.0,0.0013316071348224237,6.887410271856975,soft_x0_75,0,train
P6_mixed_wit_informative,0,901,False,10,527.0,0.00035698360725658053,7.036940211384248,soft_x0_75,0,train
P6_mixed_wit_informative,1,619,True,5,438.0,0.003139336635267227,6.971015345190576,soft_x0_75,0,train
P6_mixed_wit_informative,2,1008,False,10,527.0,0.0012526501994470024,7.036940211384248,soft_x0_75,0,train
P6_mixed_wit_informative,3,812,True,2,52.0,0.0023386858210314933,6.918717560892937,soft_x0_75,0,train
P6_mixed_wit_informative,4,155,False,10,527.0,0.0003308460578435309,7.036940211384248,soft_x0_75,0,train
P6_mixed_wit_informative,5,1553,False,10,527.0,9.8138325115736e-05,7.036940211384248,soft_x0_75,0,train
P6_mixed_wit_informative,6,864,True,5,438.0,0.0017899261674605017,6.971015345190576,soft_x0_75,0,train
P6_mixed_wit_informative,7,908,False,10,527.0,0.00157824615422123,7.036940211384248,soft_x0_75,0,train
P6_mixed_wit_informative,8,261,False,10,527.0,0.0008719271897131581,7.036940211384248,soft_x0_75,0,train
P6_mixed_wit_informative,9,659,True,4,196.0,0.0016256829998150435,6.954998105185183,soft_x0_75,0,train
P6_mixed_wit_informative,10,570,True,5,438.0,0.0029919960112428923,6.971015345190576,soft_x0_75,0,train
P6_mixed_wit_informative,11,1200,False,10,527.0,0.0003226015260490266,7.036940211384248,soft_x0_75,0,train
P7_mixed_wit_weak,0,901,False,10,527.0,0.0006785367743534827,6.794899771887232,soft_x0_75,0,train
P7_mixed_wit_weak,1,619,False,10,527.0,0.004468778022346009,6.794899771887232,soft_x0_75,0,train
P7_mixed_wit_weak,2,1008,False,10,527.0,0.0023197737470707818,6.794899771887232,soft_x0_75,0,train
P7_mixed_wit_weak,3,812,False,10,527.0,0.0005245955752005999,6.794899771887232,soft_x0_75,0,train
P7_mixed_wit_weak,4,155,False,10,527.0,0.0006191064561111431,6.794899771887232,soft_x0_75,0,train
P7_mixed_wit_weak,5,1553,False,10,527.0,0.00014884056980928365,6.794899771887232,soft_x0_75,0,train
P7_mixed_wit_weak,6,864,True,4,410.0,0.0020859699101282367,6.7100579818690544,soft_x0_75,0,train
P7_mixed_wit_weak,7,908,True,4,410.0,0.0029043691082344483,6.7100579818690544,soft_x0_75,0,train
P7_mixed_wit_weak,8,261,False,10,527.0,0.0009748900426665148,6.794899771887232,soft_x0_75,0,train
P7_mixed_wit_weak,9,659,True,3,212.0,0.0028643504788752458,6.651833657981896,soft_x0_75,0,train
P7_mixed_wit_weak,10,570,False,10,527.0,0.0037916228747851117,6.794899771887232,soft_x0_75,0,train
P7_mixed_wit_weak,11,1200,False,10,527.0,0.0013498071420032433,6.794899771887232,soft_x0_75,0,train
P8_mixed_wit_vague,0,901,False,12,524.0,0.000966434378145766,6.523048993993846,soft_x0_75,0,train
P8_mixed_wit_vague,1,619,False,12,524.0,0.0037861864502981863,6.523048993993846,soft_x0_75,0,train
P8_mixed_wit_vague,2,1008,False,12,524.0,0.002716861524152415,6.523048993993846,soft_x0_75,0,train
P8_mixed_wit_vague,3,812,True,2,320.0,0.007040320029608236,6.362552360556643,soft_x0_75,0,train
P8_mixed_wit_vague,4,155,True,2,320.0,0.00034689747736358403,6.362552360556643,soft_x0_75,0,train
P8_mixed_wit_vague,5,1553,False,12,524.0,0.00012175552976458436,6.523048993993846,soft_x0_75,0,train
P8_mixed_wit_vague,6,864,False,12,524.0,0.0025883398774460536,6.523048993993846,soft_x0_75,0,train
P8_mixed_wit_vague,7,908,True,7,508.0,0.001959783648051155,6.500961029405085,soft_x0_75,0,train
P8_mixed_wit_vague,8,261,False,12,524.0,0.0006227189453838794,6.523048993993846,soft_x0_75,0,train
P8_mixed_wit_vague,9,659,False,12,524.0,0.0012325538993445428,6.523048993993846,soft_x0_75,0,train
P8_mixed_wit_vague,10,570,False,12,524.0,0.0028379157742610475,6.523048993993846,soft_x0_75,0,train
P8_mixed_wit_vague,11,1200,True,6,496.0,0.0021408471918485,6.498842629721049,soft_x0_75,0,train
P9_mixed_wit_uniform30,0,901,False,8,528.0,0.0004366715981144564,7.273555669237598,soft_x0_75,0,train
P9_mixed_wit_uniform30,1,619,True,5,338.0,0.002368535233247088,7.245559788702584,soft_x0_75,0,train
P9_mixed_wit_uniform30,2,1008,False,8,528.0,0.0010243891231735379,7.273555669237598,soft_x0_75,0,train
P9_mixed_wit_uniform30,3,812,True,2,104.0,0.001817642546844455,7.207178095814474,soft_x0_75,0,train
P9_mixed_wit_uniform30,4,155,False,8,528.0,0.00041952068952180776,7.273555669237598,soft_x0_75,0,train
P9_mixed_wit_uniform30,5,1553,False,8,528.0,0.00026682278392457315,7.273555669237598,soft_x0_75,0,train
P9_mixed_wit_uniform30,6,864,False,8,528.0,0.0010733106598490136,7.273555669237598,soft_x0_75,0,train
P9_mixed_wit_uniform30,7,908,False,8,528.0,0.001238038320740655,7.273555669237598,soft_x0_75,0,train
P9_mixed_wit_uniform30,8,261,False,8,528.0,0.0007745667149640246,7.273555669237598,soft_x0_75,0,train
P9_mixed_wit_uniform30,9,659,True,4,268.0,0.001316033140563585,7.231877450991267,soft_x0_75,0,train
P9_mixed_wit_uniform30,10,570,True,6,410.0,0.0014567006584623606,7.263881855866352,soft_x0_75,0,train
P9_mixed_wit_uniform30,11,1200,False,8,528.0,0.00041411080166422104,7.273555669237598,soft_x0_75,0,train
P10_mixed_wit_uniform50_temp2,0,901,False,7,527.0,0.00048486312228540384,7.367072367849783,soft_x0_75,0,train
P10_mixed_wit_uniform50_temp2,1,619,True,4,337.0,0.0018116841713661208,7.348971899746547,soft_x0_75,0,train
P10_mixed_wit_uniform50_temp2,2,1008,False,7,527.0,0.0008881651463268746,7.367072367849783,soft_x0_75,0,train
P10_mixed_wit_uniform50_temp2,3,812,True,2,104.0,0.001459313514308457,7.332636189283168,soft_x0_75,0,train
P10_mixed_wit_uniform50_temp2,4,155,False,7,527.0,0.00047309386944770763,7.367072367849783,soft_x0_75,0,train
P10_mixed_wit_uniform50_temp2,5,1553,False,7,527.0,0.00036830990135339664,7.367072367849783,soft_x0_75,0,train
P10_mixed_wit_uniform50_temp2,6,864,False,7,527.0,0.0008342304781675371,7.367072367849783,soft_x0_75,0,train
P10_mixed_wit_uniform50_temp2,7,908,False,7,527.0,0.0010347749548483957,7.367072367849783,soft_x0_75,0,train
P10_mixed_wit_uniform50_temp2,8,261,False,7,527.0,0.0007167326492753653,7.367072367849783,soft_x0_75,0,train
P10_mixed_wit_uniform50_temp2,9,659,False,7,527.0,0.00048536928026383946,7.367072367849783,soft_x0_75,0,train
P10_mixed_wit_uniform50_temp2,10,570,True,4,337.0,0.0017409665965959396,7.348971899746547,soft_x0_75,0,train
P10_mixed_wit_uniform50_temp2,11,1200,False,7,527.0,0.00046938150997266436,7.367072367849783,soft_x0_75,0,train
P3_quadratic_nowit_informative,0,901,False,12,523.0,0.0013091391900670278,6.759640851542872,std,1,train
P3_quadratic_nowit_informative,1,619,False,12,523.0,0.0037713696639673604,6.759640851542872,std,1,train
P3_quadratic_nowit_informative,2,1008,False,12,523.0,0.0017518656793148527,6.759640851542872,std,1,train
P3_quadratic_nowit_informative,3,812,True,1,16.0,0.0040041666689597565,6.580665615539849,std,1,train
P3_quadratic_nowit_informative,4,155,False,12,523.0,0.0005403319340356658,6.759640851542872,std,1,train
P3_quadratic_nowit_informative,5,1553,False,12,523.0,0.00018908073463656013,6.759640851542872,std,1,train
P3_quadratic_nowit_informative,6,864,True,5,438.0,0.00163377964378067,6.693463284336811,std,1,train
P3_quadratic_nowit_informative,7,908,True,5,438.0,0.0019035970816200392,6.693463284336811,std,1,train
P3_quadratic_nowit_informative,8,261,False,12,523.0,0.0014774666133912126,6.759640851542872,std,1,train
P3_quadratic_nowit_informative,9,659,True,1,16.0,0.0033750666122464253,6.580665615539849,std,1,train
P3_quadratic_nowit_informative,10,570,False,12,523.0,0.003241479358130978,6.759640851542872,std,1,train
P3_quadratic_nowit_informative,11,1200,False,12,523.0,0.0009674287977472389,6.759640851542872,std,1,train
P4_quadratic_wit_informative,0,901,False,12,523.0,0.0013091391900670278,6.759640851542872,std,1,train
P4_quadratic_wit_informative,1,619,False,12,523.0,0.0037713696639673604,6.759640851542872,std,1,train
P4_quadratic_wit_informative,2,1008,True,7,489.0,0.0030900358296702952,6.73994193760665,std,1,train
P4_quadratic_wit_informative,3,812,False,12,523.0,0.0003378934496909659,6.759640851542872,std,1,train
P4_quadratic_wit_informative,4,155,False,12,523.0,0.0005403319340356658,6.759640851542872,std,1,train
P4_quadratic_wit_informative,5,1553,False,12,523.0,0.00018908073463656013,6.759640851542872,std,1,train
P4_quadratic_wit_informative,6,864,False,12,523.0,0.0008635876792903172,6.759640851542872,std,1,train
P4_quadratic_wit_informative,7,908,True,5,438.0,0.0019035970816200392,6.693463284336811,std,1,train
P4_quadratic_wit_informative,8,261,False,12,523.0,0.0014774666133912126,6.759640851542872,std,1,train
P4_quadratic_wit_informative,9,659,True,5,438.0,0.0003863512718485111,6.693463284336811,std,1,train
P4_quadratic_wit_informative,10,570,False,12,523.0,0.003241479358130978,6.759640851542872,std,1,train
P4_quadratic_wit_informative,11,1200,False,12,523.0,0.0009674287977472389,6.759640851542872,std,1,train
P5_mixed_nowit_informative,0,901,False,9,530.0,0.0014434704257405802,6.881252321581813,std,1,train
P5_mixed_nowit_informative,1,619,False,9,530.0,0.0029871867750884728,6.881252321581813,std,1,train
P5_mixed_nowit_informative,2,1008,False,9,530.0,0.0014429040350752004,6.881252321581813,std,1,train
P5_mixed_nowit_informative,3,812,True,1,16.0,0.003095221121495035,6.774561365820095,std,1,train
P5_mixed_nowit_informative,4,155,False,9,530.0,0.0008193806252165038,6.881252321581813,std,1,train
P5_mixed_nowit_informative,5,1553,False,9,530.0,0.00034324292238676924,6.881252321581813,std,1,train
P5_mixed_nowit_informative,6,864,False,9,530.0,0.0004108599653320019,6.881252321581813,std,1,train
P5_mixed_nowit_informative,7,908,True,3,244.0,0.0026501076517994188,6.821700306770654,std,1,train
P5_mixed_nowit_informative,8,261,False,9,530.0,0.0014208506359466675,6.881252321581813,std,1,train
P5_mixed_nowit_informative,9,659,True,1,16.0,0.00267529957753668,6.774561365820095,std,1,train
P5_mixed_nowit_informative,10,570,False,9,530.0,0.002666837968437284,6.881252321581813,std,1,train
P5_mixed_nowit_informative,11,1200,False,9,530.0,0.0013991270972279356,6.881252321581813,std,1,train
P6_mixed_wit_informative,0,901,False,10,529.0,0.000374339955779192,7.0402328923525825,std,1,train
P6_mixed_wit_informative,1,619,True,4,186.0,0.003074770802514847,6.95920146463058,std,1,train
P6_mixed_wit_informative,2,1008,False,10,529.0,0.0013135533697791189,7.0402328923525825,std,1,train
P6_mixed_wit_informative,3,812,True,2,52.0,0.0023464249517769465,6.92086754301269,std,1,train
P6_mixed_wit_informative,4,155,False,10,529.0,0.00034693161295177194,7.0402328923525825,std,1,train
P6_mixed_wit_informative,5,1553,False,10,529.0,0.00010290975702327965,7.0402328923525825,std,1,train
P6_mixed_wit_informative,6,864,True,5,472.0,0.0016396269757979094,6.98637769530661,std,1,train
P6_mixed_wit_informative,7,908,False,10,529.0,0.0016549796225102842,7.0402328923525825,std,1,train
P6_mixed_wit_informative,8,261,False,10,529.0,0.0009143198147059516,7.0402328923525825,std,1,train
P6_mixed_wit_informative,9,659,True,5,472.0,0.0017173004837879797,6.98637769530661,std,1,train
P6_mixed_wit_informative,10,570,True,4,186.0,0.00293046049068498,6.95920146463058,std,1,train
P6_mixed_wit_informative,11,1200,False,10,529.0,0.00033828623651252103,7.0402328923525825,std,1,train
P7_mixed_wit_weak,0,901,False,10,527.0,0.0007118844363082653,6.795479941289151,std,1,train
P7_mixed_wit_weak,1,619,False,10,527.0,0.004688402520932913,6.795479941289151,std,1,train
P7_mixed_wit_weak,2,1008,False,10,527.0,0.0024337823515456158,6.795479941289151,std,1,train
P7_mixed_wit_weak,3,812,False,10,527.0,0.0002363789405575286,6.795479941289151,std,1,train
P7_mixed_wit_weak,4,155,False,10,527.0,0.0006495333299266258,6.795479941289151,std,1,train
P7_mixed_wit_weak,5,1553,False,10,527.0,0.00015615555286511954,6.795479941289151,std,1,train
P7_mixed_wit_weak,6,864,True,4,410.0,0.0017352681929128655,6.712317585996544,std,1,train
P7_mixed_wit_weak,7,908,True,4,410.0,0.002990147557222335,6.712317585996544,std,1,train
P7_mixed_wit_weak,8,261,False,10,527.0,0.0010228024105951403,6.795479941289151,std,1,train
P7_mixed_wit_weak,9,659,True,3,212.0,0.0029190615756872185,6.660034238527074,std,1,train
P7_mixed_wit_weak,10,570,False,10,527.0,0.003977967613445489,6.795479941289151,std,1,train
P7_mixed_wit_weak,11,1200,False,10,527.0,0.0014161453479443497,6.795479941289151,std,1,train
P8_mixed_wit_vague,0,901,False,12,524.0,0.0010509315078651433,6.529027998838446,std,1,train
P8_mixed_wit_vague,1,619,False,12,524.0,0.004117219673936614,6.529027998838446,std,1,train
P8_mixed_wit_vague,2,1008,False,12,524.0,0.002954401708801418,6.529027998838446,std,1,train
P8_mixed_wit_vague,3,812,True,2,320.0,0.0071359391012542845,6.367283513858261,std,1,train
P8_mixed_wit_vague,4,155,True,2,320.0,0.0003516089130088906,6.367283513858261,std,1,train
P8_mixed_wit_vague,5,1553,False,12,524.0,0.00013240083898082776,6.529027998838446,std,1,train
P8_mixed_wit_vague,6,864,False,12,524.0,0.0022742651745768414,6.529027998838446,std,1,train
P8_mixed_wit_vague,7,908,True,7,508.0,0.0015503084309404544,6.502970451551637,std,1,train
P8_mixed_wit_vague,8,261,False,12,524.0,0.0005937630804725817,6.529027998838446,std,1,train
P8_mixed_wit_vague,9,659,False,12,524.0,0.0008582176210904784,6.529027998838446,std,1,train
P8_mixed_wit_vague,10,570,False,12,524.0,0.003086039953960119,6.529027998838446,std,1,train
P8_mixed_wit_vague,11,1200,True,6,496.0,0.0018449111481567406,6.500760116887727,std,1,train
P9_mixed_wit_uniform30,0,901,False,8,528.0,0.0004477965824476259,7.270086998074561,std,1,train
P9_mixed_wit_uniform30,1,619,True,5,338.0,0.002407053360546434,7.244818735007883,std,1,train
P9_mixed_wit_uniform30,2,1008,False,8,528.0,0.001050487255031859,7.270086998074561,std,1,train
P9_mixed_wit_uniform30,3,812,True,2,104.0,0.0018239330000945483,7.2081966006388045,std,1,train
P9_mixed_wit_uniform30,4,155,False,8,528.0,0.00043020872400475395,7.270086998074561,std,1,train
P9_mixed_wit_uniform30,5,1553,False,8,528.0,0.00027362056812604407,7.270086998074561,std,1,train
P9_mixed_wit_uniform30,6,864,False,8,528.0,0.0008893424596036432,7.270086998074561,std,1,train
P9_mixed_wit_uniform30,7,908,False,8,528.0,0.0012695795452708867,7.270086998074561,std,1,train
P9_mixed_wit_uniform30,8,261,False,8,528.0,0.0007943001773787488,7.270086998074561,std,1,train
P9_mixed_wit_uniform30,9,659,True,4,268.0,0.0013304864719379036,7.231522390766254,std,1,train
P9_mixed_wit_uniform30,10,570,True,6,410.0,0.0012735338944444567,7.264848015268125,std,1,train
P9_mixed_wit_uniform30,11,1200,False,8,528.0,0.00042466100964798646,7.270086998074561,std,1,train
P10_mixed_wit_uniform50_temp2,0,901,False,7,527.0,0.0004927992700987948,7.359405648568654,std,1,train
P10_mixed_wit_uniform50_temp2,1,619,True,4,337.0,0.0018283864734304676,7.345401333560066,std,1,train
P10_mixed_wit_uniform50_temp2,2,1008,False,7,527.0,0.0009027024653350278,7.359405648568654,std,1,train
P10_mixed_wit_uniform50_temp2,3,812,True,2,104.0,0.0014632996926353767,7.333134955614245,std,1,train
P10_mixed_wit_uniform50_temp2,4,155,False,7,527.0,0.0004808373803582695,7.359405648568654,std,1,train
P10_mixed_wit_uniform50_temp2,5,1553,False,7,527.0,0.00037433832810711347,7.359405648568654,std,1,train
P10_mixed_wit_uniform50_temp2,6,864,False,7,527.0,0.0006851011711870481,7.359405648568654,std,1,train
P10_mixed_wit_uniform50_temp2,7,908,False,7,527.0,0.0010517119554529458,7.359405648568654,std,1,train
P10_mixed_wit_uniform50_temp2,8,261,False,7,527.0,0.0007284639936195624,7.359405648568654,std,1,train
P10_mixed_wit_uniform50_temp2,9,659,False,7,527.0,0.0003664793409489373,7.359405648568654,std,1,train
P10_mixed_wit_uniform50_temp2,10,570,True,4,337.0,0.001757016938283451,7.345401333560066,std,1,train
P10_mixed_wit_uniform50_temp2,11,1200,False,7,527.0,0.0004770642576859932,7.359405648568654,std,1,train
EB_r01_bw1.75_u05,0,901,False,10,529.0,8.012629253898686e-05,5.715554983936041,std,1,train
EB_r01_bw1.75_u05,1,619,False,10,529.0,0.01738624425302961,5.715554983936041,std,1,train
EB_r01_bw1.75_u05,2,1008,False,10,529.0,0.0002548860971328195,5.715554983936041,std,1,train
EB_r01_bw1.75_u05,3,812,True,3,512.0,0.0070826805948746505,5.562477054461353,std,1,train
EB_r01_bw1.75_u05,4,155,False,10,529.0,8.011287687770117e-05,5.715554983936041,std,1,train
EB_r01_bw1.75_u05,5,1553,False,10,529.0,8.011271196221394e-05,5.715554983936041,std,1,train
EB_r01_bw1.75_u05,6,864,True,2,336.0,0.011566313853453697,5.350905347870388,std,1,train
EB_r01_bw1.75_u05,7,908,False,10,529.0,0.0002471285055698693,5.715554983936041,std,1,train
EB_r01_bw1.75_u05,8,261,False,10,529.0,8.053073691250267e-05,5.715554983936041,std,1,train
EB_r01_bw1.75_u05,9,659,True,2,336.0,0.007144982240211897,5.350905347870388,std,1,train
EB_r01_bw1.75_u05,10,570,True,2,336.0,0.015480965284510656,5.350905347870388,std,1,train
EB_r01_bw1.75_u05,11,1200,False,10,529.0,8.011271196239513e-05,5.715554983936041,std,1,train
EB_r01_bw2.5_u10,0,901,False,9,530.0,0.00013276144518385778,6.396286809646897,std,1,train
EB_r01_bw2.5_u10,1,619,False,9,530.0,0.00413568402891958,6.396286809646897,std,1,train
EB_r01_bw2.5_u10,2,1008,False,9,530.0,0.0013494611966546517,6.396286809646897,std,1,train
EB_r01_bw2.5_u10,3,812,True,1,16.0,0.008828434735451135,5.891808947678978,std,1,train
EB_r01_bw2.5_u10,4,155,False,9,530.0,0.0001251665186754627,6.396286809646897,std,1,train
EB_r01_bw2.5_u10,5,1553,False,9,530.0,0.00012423673823479988,6.396286809646897,std,1,train
EB_r01_bw2.5_u10,6,864,False,9,530.0,0.003154040318842387,6.396286809646897,std,1,train
EB_r01_bw2.5_u10,7,908,True,3,454.0,0.002847310150928193,6.141893474705868,std,1,train
EB_r01_bw2.5_u10,8,261,False,9,530.0,0.00017014561905806565,6.396286809646897,std,1,train
EB_r01_bw2.5_u10,9,659,True,2,304.0,0.006198741434105767,5.932541727668131,std,1,train
EB_r01_bw2.5_u10,10,570,True,5,518.0,0.002670426614082668,6.313983362043316,std,1,train
EB_r01_bw2.5_u10,11,1200,False,9,530.0,0.00012423831556762093,6.396286809646897,std,1,train
EB_r01_bw3.5_u15,0,901,False,5,527.0,0.00025512265020629456,6.637817095417482,std,1,train
EB_r01_bw3.5_u15,1,619,True,4,392.0,0.006022876927665843,6.490792715461589,std,1,train
EB_r01_bw3.5_u15,2,1008,False,5,527.0,0.0021162503400562007,6.637817095417482,std,1,train
EB_r01_bw3.5_u15,3,812,True,1,32.0,0.005373089109800137,6.380963362220859,std,1,train
EB_r01_bw3.5_u15,4,155,False,5,527.0,0.00016847842610236821,6.637817095417482,std,1,train
EB_r01_bw3.5_u15,5,1553,False,5,527.0,0.00013689572706654043,6.637817095417482,std,1,train
EB_r01_bw3.5_u15,6,864,True,2,104.0,0.00518021733856798,6.417609864260423,std,1,train
EB_r01_bw3.5_u15,7,908,False,5,527.0,0.0019880554246459042,6.637817095417482,std,1,train
EB_r01_bw3.5_u15,8,261,False,5,527.0,0.0004527864336617938,6.637817095417482,std,1,train
EB_r01_bw3.5_u15,9,659,True,3,212.0,0.00132726561679444,6.452722455077719,std,1,train
EB_r01_bw3.5_u15,10,570,True,4,392.0,0.005660162569578558,6.490792715461589,std,1,train
EB_r01_bw3.5_u15,11,1200,False,5,527.0,0.00013868524126432936,6.637817095417482,std,1,train
EB_r01_bw4.5_u20,0,901,False,10,527.0,0.0004871065682367584,6.93626576319019,std,1,train
EB_r01_bw4.5_u20,1,619,True,6,514.0,0.00421486056586052,6.862174257472233,std,1,train
EB_r01_bw4.5_u20,2,1008,False,10,527.0,0.0021886729193834214,6.93626576319019,std,1,train
EB_r01_bw4.5_u20,3,812,True,4,188.0,0.0009681534141946347,6.781938855972207,std,1,train
EB_r01_bw4.5_u20,4,155,False,10,527.0,0.00028766694095972806,6.93626576319019,std,1,train
EB_r01_bw4.5_u20,5,1553,False,10,527.0,0.00016973664945426337,6.93626576319019,std,1,train
EB_r01_bw4.5_u20,6,864,True,2,42.0,0.0036007675215681237,6.724806623711652,std,1,train
EB_r01_bw4.5_u20,7,908,True,3,98.0,0.002209259824901584,6.749572622106751,std,1,train
EB_r01_bw4.5_u20,8,261,False,10,527.0,0.0008654157910069556,6.93626576319019,std,1,train
EB_r01_bw4.5_u20,9,659,True,3,98.0,0.0016356521814785325,6.749572622106751,std,1,train
EB_r01_bw4.5_u20,10,570,True,6,514.0,0.003814251961796857,6.862174257472233,std,1,train
EB_r01_bw4.5_u20,11,1200,False,10,527.0,0.00019575090605800167,6.93626576319019,std,1,train
P3_quadratic_nowit_informative,0,901,False,12,506.0,0.0014185983780232176,6.760588409927636,lik_x1_5,1,train
P3_quadratic_nowit_informative,1,619,False,12,506.0,0.004086699816813324,6.760588409927636,lik_x1_5,1,train
P3_quadratic_nowit_informative,2,1008,False,12,506.0,0.001392575537591443,6.760588409927636,lik_x1_5,1,train
P3_quadratic_nowit_informative,3,812,True,1,16.0,0.0040041666689597565,6.580665615539849,lik_x1_5,1,train
P3_quadratic_nowit_informative,4,155,False,12,506.0,0.000585509937394738,6.760588409927636,lik_x1_5,1,train
P3_quadratic_nowit_informative,5,1553,False,12,506.0,0.00020489007242776767,6.760588409927636,lik_x1_5,1,train
P3_quadratic_nowit_informative,6,864,False,12,506.0,0.0014333246240870188,6.760588409927636,lik_x1_5,1,train
P3_quadratic_nowit_informative,7,908,True,6,370.0,0.0005981648467840953,6.706384975469869,lik_x1_5,1,train
P3_quadratic_nowit_informative,8,261,False,12,506.0,0.0016009999221189904,6.760588409927636,lik_x1_5,1,train
P3_quadratic_nowit_informative,9,659,True,1,16.0,0.0033750666122464253,6.580665615539849,lik_x1_5,1,train
P3_quadratic_nowit_informative,10,570,False,12,506.0,0.003512504548584255,6.760588409927636,lik_x1_5,1,train
P3_quadratic_nowit_informative,11,1200,False,12,506.0,0.0010483170420304338,6.760588409927636,lik_x1_5,1,train
P4_quadratic_wit_informative,0,901,False,12,506.0,0.0014185983780232176,6.760588409927636,lik_x1_5,1,train
P4_quadratic_wit_informative,1,619,False,12,506.0,0.004086699816813324,6.760588409927636,lik_x1_5,1,train
P4_quadratic_wit_informative,2,1008,True,6,370.0,0.0028657760846388584,6.706384975469869,lik_x1_5,1,train
P4_quadratic_wit_informative,3,812,False,12,506.0,0.00036614525278416866,6.760588409927636,lik_x1_5,1,train
P4_quadratic_wit_informative,4,155,False,12,506.0,0.000585509937394738,6.760588409927636,lik_x1_5,1,train
P4_quadratic_wit_informative,5,1553,False,12,506.0,0.00020489007242776767,6.760588409927636,lik_x1_5,1,train
P4_quadratic_wit_informative,6,864,False,12,506.0,0.0014333246240870188,6.760588409927636,lik_x1_5,1,train
P4_quadratic_wit_informative,7,908,True,5,238.0,0.0014489351141205424,6.702191754733543,lik_x1_5,1,train
P4_quadratic_wit_informative,8,261,False,12,506.0,0.0016009999221189904,6.760588409927636,lik_x1_5,1,train
P4_quadratic_wit_informative,9,659,True,6,370.0,0.0001284575445772934,6.706384975469869,lik_x1_5,1,train
P4_quadratic_wit_informative,10,570,False,12,506.0,0.003512504548584255,6.760588409927636,lik_x1_5,1,train
P4_quadratic_wit_informative,11,1200,False,12,506.0,0.0010483170420304338,6.760588409927636,lik_x1_5,1,train
P5_mixed_nowit_informative,0,901,False,9,530.0,0.001516820958163412,6.856715631119378,lik_x1_5,1,train
P5_mixed_nowit_informative,1,619,False,9,530.0,0.003138981877012202,6.856715631119378,lik_x1_5,1,train
P5_mixed_nowit_informative,2,1008,False,9,530.0,0.0011122648193924636,6.856715631119378,lik_x1_5,1,train
P5_mixed_nowit_informative,3,812,True,1,16.0,0.003095221121495035,6.774561365820095,lik_x1_5,1,train
P5_mixed_nowit_informative,4,155,False,9,530.0,0.000861017782476409,6.856715631119378,lik_x1_5,1,train
P5_mixed_nowit_informative,5,1553,False,9,530.0,0.0003606849500573542,6.856715631119378,lik_x1_5,1,train
P5_mixed_nowit_informative,6,864,False,9,530.0,0.0001486993370228566,6.856715631119378,lik_x1_5,1,train
P5_mixed_nowit_informative,7,908,True,3,244.0,0.0026976828479900617,6.814902716963635,lik_x1_5,1,train
P5_mixed_nowit_informative,8,261,False,9,530.0,0.0014930517346193586,6.856715631119378,lik_x1_5,1,train
P5_mixed_nowit_informative,9,659,True,1,16.0,0.00267529957753668,6.774561365820095,lik_x1_5,1,train
P5_mixed_nowit_informative,10,570,False,9,530.0,0.0028023544164240423,6.856715631119378,lik_x1_5,1,train
P5_mixed_nowit_informative,11,1200,False,9,530.0,0.001470224305510694,6.856715631119378,lik_x1_5,1,train
P6_mixed_wit_informative,0,901,False,12,528.0,0.00039345678547547506,7.019152956347293,lik_x1_5,1,train
P6_mixed_wit_informative,1,619,True,4,206.0,0.003145140547653474,6.960086121136618,lik_x1_5,1,train
P6_mixed_wit_informative,2,1008,False,12,528.0,0.0013806340425188942,7.019152956347293,lik_x1_5,1,train
P6_mixed_wit_informative,3,812,True,2,52.0,0.002359696763678872,6.923676544198569,lik_x1_5,1,train
P6_mixed_wit_informative,4,155,False,12,528.0,0.0003646487506995999,7.019152956347293,lik_x1_5,1,train
P6_mixed_wit_informative,5,1553,False,12,528.0,0.00010816516262112696,7.019152956347293,lik_x1_5,1,train
P6_mixed_wit_informative,6,864,True,5,492.0,0.0013765322636353295,6.987604722503363,lik_x1_5,1,train
P6_mixed_wit_informative,7,908,False,12,528.0,0.0017394962847204212,7.019152956347293,lik_x1_5,1,train
P6_mixed_wit_informative,8,261,False,12,528.0,0.0009610123889712021,7.019152956347293,lik_x1_5,1,train
P6_mixed_wit_informative,9,659,True,5,492.0,0.0017843082234209769,6.987604722503363,lik_x1_5,1,train
P6_mixed_wit_informative,10,570,True,4,206.0,0.0029975275246569605,6.960086121136618,lik_x1_5,1,train
P6_mixed_wit_informative,11,1200,False,12,528.0,0.00035556187132565573,7.019152956347293,lik_x1_5,1,train
P7_mixed_wit_weak,0,901,False,10,527.0,0.0007549407745851586,6.784807002465806,lik_x1_5,1,train
P7_mixed_wit_weak,1,619,False,10,527.0,0.004971967429257604,6.784807002465806,lik_x1_5,1,train
P7_mixed_wit_weak,2,1008,False,10,527.0,0.0025809828673539212,6.784807002465806,lik_x1_5,1,train
P7_mixed_wit_weak,3,812,False,10,527.0,4.623898228789415e-05,6.784807002465806,lik_x1_5,1,train
P7_mixed_wit_weak,4,155,False,10,527.0,0.0006888185359924704,6.784807002465806,lik_x1_5,1,train
P7_mixed_wit_weak,5,1553,False,10,527.0,0.00016560018455680673,6.784807002465806,lik_x1_5,1,train
P7_mixed_wit_weak,6,864,True,4,410.0,0.0011731119324951862,6.701486167385601,lik_x1_5,1,train
P7_mixed_wit_weak,7,908,True,4,410.0,0.0030962067681436787,6.701486167385601,lik_x1_5,1,train
P7_mixed_wit_weak,8,261,False,10,527.0,0.001084663752598039,6.784807002465806,lik_x1_5,1,train
P7_mixed_wit_weak,9,659,True,3,212.0,0.002995529784090946,6.6623797459506235,lik_x1_5,1,train
P7_mixed_wit_weak,10,570,False,10,527.0,0.004218563854188231,6.784807002465806,lik_x1_5,1,train
P7_mixed_wit_weak,11,1200,False,10,527.0,0.0015017969369389675,6.784807002465806,lik_x1_5,1,train
P8_mixed_wit_vague,0,901,False,12,526.0,0.0011857492168869813,6.504607745090391,lik_x1_5,1,train
P8_mixed_wit_vague,1,619,False,12,526.0,0.004645393127511481,6.504607745090391,lik_x1_5,1,train
P8_mixed_wit_vague,2,1008,False,12,526.0,0.003333404209849205,6.504607745090391,lik_x1_5,1,train
P8_mixed_wit_vague,3,812,True,2,320.0,0.007253947852923518,6.365258520179754,lik_x1_5,1,train
P8_mixed_wit_vague,4,155,True,2,320.0,0.0003574235546855078,6.365258520179754,lik_x1_5,1,train
P8_mixed_wit_vague,5,1553,False,12,526.0,0.000149385749653289,6.504607745090391,lik_x1_5,1,train
P8_mixed_wit_vague,6,864,False,12,526.0,0.001675309478075869,6.504607745090391,lik_x1_5,1,train
P8_mixed_wit_vague,7,908,True,8,514.0,0.0009373867864115227,6.485474816089936,lik_x1_5,1,train
P8_mixed_wit_vague,8,261,False,12,526.0,0.0005150741586840824,6.504607745090391,lik_x1_5,1,train
P8_mixed_wit_vague,9,659,False,12,526.0,0.00039700391620080456,6.504607745090391,lik_x1_5,1,train
P8_mixed_wit_vague,10,570,False,12,526.0,0.0034819295370861684,6.504607745090391,lik_x1_5,1,train
P8_mixed_wit_vague,11,1200,True,7,502.0,0.001324745070176988,6.483400623662533,lik_x1_5,1,train
P9_mixed_wit_uniform30,0,901,False,6,530.0,0.0004611165822147223,7.258053366090662,lik_x1_5,1,train
P9_mixed_wit_uniform30,1,619,True,4,258.0,0.002352914077173148,7.2276058905490945,lik_x1_5,1,train
P9_mixed_wit_uniform30,2,1008,False,6,530.0,0.001081734679735013,7.258053366090662,lik_x1_5,1,train
P9_mixed_wit_uniform30,3,812,True,2,104.0,0.001833132299764934,7.208135560332801,lik_x1_5,1,train
P9_mixed_wit_uniform30,4,155,False,6,530.0,0.00044300556151571555,7.258053366090662,lik_x1_5,1,train
P9_mixed_wit_uniform30,5,1553,False,6,530.0,0.0002817595893838447,7.258053366090662,lik_x1_5,1,train
P9_mixed_wit_uniform30,6,864,False,6,530.0,0.00031541894098223515,7.258053366090662,lik_x1_5,1,train
P9_mixed_wit_uniform30,7,908,False,6,530.0,0.0013073440122413254,7.258053366090662,lik_x1_5,1,train
P9_mixed_wit_uniform30,8,261,False,6,530.0,0.0008179271513048553,7.258053366090662,lik_x1_5,1,train
P9_mixed_wit_uniform30,9,659,True,5,518.0,0.0014043088413465544,7.246630730795049,lik_x1_5,1,train
P9_mixed_wit_uniform30,10,570,True,5,518.0,0.0005789596271628713,7.246630730795049,lik_x1_5,1,train
P9_mixed_wit_uniform30,11,1200,False,6,530.0,0.00043729282679738976,7.258053366090662,lik_x1_5,1,train
P10_mixed_wit_uniform50_temp2,0,901,False,7,527.0,0.0005021498005574163,7.34380682808229,lik_x1_5,1,train
P10_mixed_wit_uniform50_temp2,1,619,True,4,337.0,0.0018487306599869293,7.3374231519631765,lik_x1_5,1,train
P10_mixed_wit_uniform50_temp2,2,1008,False,7,527.0,0.0009198306296999946,7.34380682808229,lik_x1_5,1,train
P10_mixed_wit_uniform50_temp2,3,812,True,2,104.0,0.0014691177312811106,7.332635749316351,lik_x1_5,1,train
P10_mixed_wit_uniform50_temp2,4,155,False,7,527.0,0.0004899609421074221,7.34380682808229,lik_x1_5,1,train
P10_mixed_wit_uniform50_temp2,5,1553,False,7,527.0,0.00038144114288622883,7.34380682808229,lik_x1_5,1,train
P10_mixed_wit_uniform50_temp2,6,864,False,7,527.0,0.00045577810588840487,7.34380682808229,lik_x1_5,1,train
P10_mixed_wit_uniform50_temp2,7,908,False,7,527.0,0.0010716674733886513,7.34380682808229,lik_x1_5,1,train
P10_mixed_wit_uniform50_temp2,8,261,False,7,527.0,0.0007422861016737871,7.34380682808229,lik_x1_5,1,train
P10_mixed_wit_uniform50_temp2,9,659,False,7,527.0,0.00020609400373777938,7.34380682808229,lik_x1_5,1,train
P10_mixed_wit_uniform50_temp2,10,570,True,4,337.0,0.0017765670065511495,7.3374231519631765,lik_x1_5,1,train
P10_mixed_wit_uniform50_temp2,11,1200,False,7,527.0,0.00048611622700266485,7.34380682808229,lik_x1_5,1,train
EB_r01_bw1.75_u05,0,901,False,10,529.0,0.000112787802314102,5.8832557277063104,lik_x1_5,1,train
EB_r01_bw1.75_u05,1,619,False,10,529.0,0.014767765760026662,5.8832557277063104,lik_x1_5,1,train
EB_r01_bw1.75_u05,2,1008,False,10,529.0,0.00035878413720492024,5.8832557277063104,lik_x1_5,1,train
EB_r01_bw1.75_u05,3,812,True,3,512.0,0.004330099365188982,5.625977513542738,lik_x1_5,1,train
EB_r01_bw1.75_u05,4,155,False,10,529.0,0.00011276891808889881,5.8832557277063104,lik_x1_5,1,train
EB_r01_bw1.75_u05,5,1553,False,10,529.0,0.0001127686859496748,5.8832557277063104,lik_x1_5,1,train
EB_r01_bw1.75_u05,6,864,True,2,336.0,0.010224128677233086,5.382066018596291,lik_x1_5,1,train
EB_r01_bw1.75_u05,7,908,False,10,529.0,0.00013670685696426932,5.8832557277063104,lik_x1_5,1,train
EB_r01_bw1.75_u05,8,261,False,10,529.0,0.00011335710847568383,5.8832557277063104,lik_x1_5,1,train
EB_r01_bw1.75_u05,9,659,True,2,336.0,0.005806855809860216,5.382066018596291,lik_x1_5,1,train
EB_r01_bw1.75_u05,10,570,True,2,336.0,0.01450030915637099,5.382066018596291,lik_x1_5,1,train
EB_r01_bw1.75_u05,11,1200,False,10,529.0,0.00011276868594992988,5.8832557277063104,lik_x1_5,1,train
EB_r01_bw2.5_u10,0,901,False,9,530.0,0.00016023124670107875,6.45694721684502,lik_x1_5,1,train
EB_r01_bw2.5_u10,1,619,False,9,530.0,0.0023396747592991066,6.45694721684502,lik_x1_5,1,train
EB_r01_bw2.5_u10,2,1008,False,9,530.0,0.001628679543336238,6.45694721684502,lik_x1_5,1,train
EB_r01_bw2.5_u10,3,812,True,1,16.0,0.008828434735451135,5.891808947678978,lik_x1_5,1,train
EB_r01_bw2.5_u10,4,155,False,9,530.0,0.0001510648464607237,6.45694721684502,lik_x1_5,1,train
EB_r01_bw2.5_u10,5,1553,False,9,530.0,0.00014994268423237963,6.45694721684502,lik_x1_5,1,train
EB_r01_bw2.5_u10,6,864,False,9,530.0,0.0016226075877379762,6.45694721684502,lik_x1_5,1,train
EB_r01_bw2.5_u10,7,908,True,3,454.0,0.0031605027225952024,6.132316559118833,lik_x1_5,1,train
EB_r01_bw2.5_u10,8,261,False,9,530.0,0.00020535061684998513,6.45694721684502,lik_x1_5,1,train
EB_r01_bw2.5_u10,9,659,True,2,304.0,0.0063067916273875,5.9410804123104395,lik_x1_5,1,train
EB_r01_bw2.5_u10,10,570,True,5,518.0,0.001244443863482874,6.3572023686423496,lik_x1_5,1,train
EB_r01_bw2.5_u10,11,1200,False,9,530.0,0.0001499445879326898,6.45694721684502,lik_x1_5,1,train
EB_r01_bw3.5_u15,0,901,False,5,527.0,0.00027571632228753256,6.633935293595302,lik_x1_5,1,train
EB_r01_bw3.5_u15,1,619,True,4,392.0,0.006223232870301687,6.477648843433802,lik_x1_5,1,train
EB_r01_bw3.5_u15,2,1008,False,5,527.0,0.002287075492231774,6.633935293595302,lik_x1_5,1,train
EB_r01_bw3.5_u15,3,812,True,1,32.0,0.005373089109800137,6.380963362220859,lik_x1_5,1,train
EB_r01_bw3.5_u15,4,155,False,5,527.0,0.00018207811808232263,6.633935293595302,lik_x1_5,1,train
EB_r01_bw3.5_u15,5,1553,False,5,527.0,0.00014794604231785737,6.633935293595302,lik_x1_5,1,train
EB_r01_bw3.5_u15,6,864,True,2,104.0,0.005243831950908382,6.416902518723556,lik_x1_5,1,train
EB_r01_bw3.5_u15,7,908,False,5,527.0,0.0015737487695235341,6.633935293595302,lik_x1_5,1,train
EB_r01_bw3.5_u15,8,261,False,5,527.0,0.0004893356594170309,6.633935293595302,lik_x1_5,1,train
EB_r01_bw3.5_u15,9,659,True,3,212.0,0.00074885067622295,6.443029876245797,lik_x1_5,1,train
EB_r01_bw3.5_u15,10,570,True,4,392.0,0.005848452521493534,6.477648843433802,lik_x1_5,1,train
EB_r01_bw3.5_u15,11,1200,False,5,527.0,0.00014988000730644895,6.633935293595302,lik_x1_5,1,train
EB_r01_bw4.5_u20,0,901,False,12,525.0,0.000542671757580163,6.958953547955103,lik_x1_5,1,train
EB_r01_bw4.5_u20,1,619,True,6,444.0,0.004297435683302449,6.850323475331996,lik_x1_5,1,train
EB_r01_bw4.5_u20,2,1008,False,12,525.0,0.0009625583510784535,6.958953547955103,lik_x1_5,1,train
EB_r01_bw4.5_u20,3,812,True,4,188.0,0.00048201916367168263,6.7842419085562025,lik_x1_5,1,train
EB_r01_bw4.5_u20,4,155,False,12,525.0,0.0003204816658773689,6.958953547955103,lik_x1_5,1,train
EB_r01_bw4.5_u20,5,1553,False,12,525.0,0.00018909883769077486,6.958953547955103,lik_x1_5,1,train
EB_r01_bw4.5_u20,6,864,True,2,42.0,0.00362215468571574,6.727727197688041,lik_x1_5,1,train
EB_r01_bw4.5_u20,7,908,True,3,98.0,0.0022429133205972398,6.75338383441788,lik_x1_5,1,train
EB_r01_bw4.5_u20,8,261,False,12,525.0,0.0009641354458499199,6.958953547955103,lik_x1_5,1,train
EB_r01_bw4.5_u20,9,659,True,3,98.0,0.001233624432809331,6.75338383441788,lik_x1_5,1,train
EB_r01_bw4.5_u20,10,570,True,6,444.0,0.003888978586504118,6.850323475331996,lik_x1_5,1,train
EB_r01_bw4.5_u20,11,1200,False,12,525.0,0.00021808059091244438,6.958953547955103,lik_x1_5,1,train
P3_quadratic_nowit_informative,0,901,False,12,516.0,0.0014742532102664132,6.721832119610656,lik_x2,1,train
P3_quadratic_nowit_informative,1,619,False,12,516.0,0.004247030320680093,6.721832119610656,lik_x2,1,train
P3_quadratic_nowit_informative,2,1008,False,12,516.0,0.00030743478012441254,6.721832119610656,lik_x2,1,train
P3_quadratic_nowit_informative,3,812,True,1,16.0,0.0040041666689597565,6.580665615539849,lik_x2,1,train
P3_quadratic_nowit_informative,4,155,False,12,516.0,0.0006084808203784309,6.721832119610656,lik_x2,1,train
P3_quadratic_nowit_informative,5,1553,False,12,516.0,0.00021292837473088592,6.721832119610656,lik_x2,1,train
P3_quadratic_nowit_informative,6,864,False,12,516.0,0.0004145373980903391,6.721832119610656,lik_x2,1,train
P3_quadratic_nowit_informative,7,908,True,7,428.0,0.00037065848307777185,6.716100949390765,lik_x2,1,train
P3_quadratic_nowit_informative,8,261,False,12,516.0,0.0016638107806870547,6.721832119610656,lik_x2,1,train
P3_quadratic_nowit_informative,9,659,True,1,16.0,0.0033750666122464253,6.580665615539849,lik_x2,1,train
P3_quadratic_nowit_informative,10,570,False,12,516.0,0.003650308069604298,6.721832119610656,lik_x2,1,train
P3_quadratic_nowit_informative,11,1200,False,12,516.0,0.0010894448975360825,6.721832119610656,lik_x2,1,train
P4_quadratic_wit_informative,0,901,False,12,516.0,0.0014742532102664132,6.721832119610656,lik_x2,1,train
P4_quadratic_wit_informative,1,619,False,12,516.0,0.004247030320680093,6.721832119610656,lik_x2,1,train
P4_quadratic_wit_informative,2,1008,True,7,428.0,0.003309850657227181,6.716100949390765,lik_x2,1,train
P4_quadratic_wit_informative,3,812,False,12,516.0,5.513027338075995e-05,6.721832119610656,lik_x2,1,train
P4_quadratic_wit_informative,4,155,False,12,516.0,0.0006084808203784309,6.721832119610656,lik_x2,1,train
P4_quadratic_wit_informative,5,1553,False,12,516.0,0.00021292837473088592,6.721832119610656,lik_x2,1,train
P4_quadratic_wit_informative,6,864,True,6,392.0,0.0018361613459940327,6.690117644667411,lik_x2,1,train
P4_quadratic_wit_informative,7,908,True,5,238.0,0.0010896225254089726,6.690244376080851,lik_x2,1,train
P4_quadratic_wit_informative,8,261,False,12,516.0,0.0016638107806870547,6.721832119610656,lik_x2,1,train
P4_quadratic_wit_informative,9,659,False,12,516.0,5.0051952023484046e-05,6.721832119610656,lik_x2,1,train
P4_quadratic_wit_informative,10,570,False,12,516.0,0.003650308069604298,6.721832119610656,lik_x2,1,train
P4_quadratic_wit_informative,11,1200,False,12,516.0,0.0010894448975360825,6.721832119610656,lik_x2,1,train
P5_mixed_nowit_informative,0,901,False,9,530.0,0.001560611778920848,6.835662546358753,lik_x2,1,train
P5_mixed_nowit_informative,1,619,False,9,530.0,0.0032296046970604654,6.835662546358753,lik_x2,1,train
P5_mixed_nowit_informative,2,1008,False,9,530.0,0.0008394852755497184,6.835662546358753,lik_x2,1,train
P5_mixed_nowit_informative,3,812,True,1,16.0,0.003095221121495035,6.774561365820095,lik_x2,1,train
P5_mixed_nowit_informative,4,155,False,9,530.0,0.0008858754792127741,6.835662546358753,lik_x2,1,train
P5_mixed_nowit_informative,5,1553,False,9,530.0,0.0003710979720510579,6.835662546358753,lik_x2,1,train
P5_mixed_nowit_informative,6,864,False,9,530.0,5.2693660452011574e-05,6.835662546358753,lik_x2,1,train
P5_mixed_nowit_informative,7,908,True,3,244.0,0.002724709418052453,6.805958187177454,lik_x2,1,train
P5_mixed_nowit_informative,8,261,False,9,530.0,0.0015361563347637691,6.835662546358753,lik_x2,1,train
P5_mixed_nowit_informative,9,659,True,1,16.0,0.00267529957753668,6.774561365820095,lik_x2,1,train
P5_mixed_nowit_informative,10,570,False,9,530.0,0.0028832587573668395,6.835662546358753,lik_x2,1,train
P5_mixed_nowit_informative,11,1200,False,9,530.0,0.0015126698747714182,6.835662546358753,lik_x2,1,train
P6_mixed_wit_informative,0,901,False,12,528.0,0.0004057880879797248,6.997552510885877,lik_x2,1,train
P6_mixed_wit_informative,1,619,True,4,206.0,0.003194363009431648,6.95620195381301,lik_x2,1,train
P6_mixed_wit_informative,2,1008,False,12,528.0,0.0014239044006737081,6.997552510885877,lik_x2,1,train
P6_mixed_wit_informative,3,812,True,2,52.0,0.002370470958745059,6.92499260468598,lik_x2,1,train
P6_mixed_wit_informative,4,155,False,12,528.0,0.00037607718253421544,6.997552510885877,lik_x2,1,train
P6_mixed_wit_informative,5,1553,False,12,528.0,0.00011155515966766572,6.997552510885877,lik_x2,1,train
P6_mixed_wit_informative,6,864,True,5,492.0,0.0011347940730581788,6.979514922422403,lik_x2,1,train
P6_mixed_wit_informative,7,908,False,12,528.0,0.0017940137201383518,6.997552510885877,lik_x2,1,train
P6_mixed_wit_informative,8,261,False,12,528.0,0.0009911314132610355,6.997552510885877,lik_x2,1,train
P6_mixed_wit_informative,9,659,True,5,492.0,0.0018204668942455712,6.979514922422403,lik_x2,1,train
P6_mixed_wit_informative,10,570,True,4,206.0,0.0030444397951186206,6.95620195381301,lik_x2,1,train
P6_mixed_wit_informative,11,1200,False,12,528.0,0.000366705511888355,6.997552510885877,lik_x2,1,train
P7_mixed_wit_weak,0,901,False,10,527.0,0.0007810461316396705,6.772629321137187,lik_x2,1,train
P7_mixed_wit_weak,1,619,False,10,527.0,0.005143894803395657,6.772629321137187,lik_x2,1,train
P7_mixed_wit_weak,2,1008,False,10,527.0,0.0026702315628438105,6.772629321137187,lik_x2,1,train
P7_mixed_wit_weak,3,812,False,10,527.0,8.82405427946261e-06,6.772629321137187,lik_x2,1,train
P7_mixed_wit_weak,4,155,False,10,527.0,0.0007126374293854397,6.772629321137187,lik_x2,1,train
P7_mixed_wit_weak,5,1553,False,10,527.0,0.00017132653037317097,6.772629321137187,lik_x2,1,train
P7_mixed_wit_weak,6,864,True,4,410.0,0.0007799285990444278,6.6876561210137115,lik_x2,1,train
P7_mixed_wit_weak,7,908,True,4,410.0,0.0031528973999011864,6.6876561210137115,lik_x2,1,train
P7_mixed_wit_weak,8,261,False,10,527.0,0.0011221707140695771,6.772629321137187,lik_x2,1,train
P7_mixed_wit_weak,9,659,True,3,212.0,0.0030421405510654164,6.656487832544902,lik_x2,1,train
P7_mixed_wit_weak,10,570,False,10,527.0,0.004364439026623259,6.772629321137187,lik_x2,1,train
P7_mixed_wit_weak,11,1200,False,10,527.0,0.001553728090457212,6.772629321137187,lik_x2,1,train
P8_mixed_wit_vague,0,901,False,12,526.0,0.0012800660022539937,6.4597154055080495,lik_x2,1,train
P8_mixed_wit_vague,1,619,False,12,526.0,0.005014896678779401,6.4597154055080495,lik_x2,1,train
P8_mixed_wit_vague,2,1008,False,12,526.0,0.003598549625864952,6.4597154055080495,lik_x2,1,train
P8_mixed_wit_vague,3,812,True,2,320.0,0.007313924669576323,6.358632510075498,lik_x2,1,train
P8_mixed_wit_vague,4,155,True,2,320.0,0.00036037879057104386,6.358632510075498,lik_x2,1,train
P8_mixed_wit_vague,5,1553,False,12,526.0,0.0001612681810192821,6.4597154055080495,lik_x2,1,train
P8_mixed_wit_vague,6,864,False,12,526.0,0.001180782948183804,6.4597154055080495,lik_x2,1,train
P8_mixed_wit_vague,7,908,True,8,514.0,0.0005405498148525535,6.441170098649506,lik_x2,1,train
P8_mixed_wit_vague,8,261,False,12,526.0,0.0004275111207659522,6.4597154055080495,lik_x2,1,train
P8_mixed_wit_vague,9,659,False,12,526.0,0.0001757167804168181,6.4597154055080495,lik_x2,1,train
P8_mixed_wit_vague,10,570,False,12,526.0,0.00375888894480528,6.4597154055080495,lik_x2,1,train
P8_mixed_wit_vague,11,1200,True,7,502.0,0.0009078569546349518,6.43957425770237,lik_x2,1,train
P9_mixed_wit_uniform30,0,901,False,6,530.0,0.00046906242010118454,7.244183848909593,lik_x2,1,train
P9_mixed_wit_uniform30,1,619,True,4,258.0,0.0023744058337371666,7.223308789587504,lik_x2,1,train
P9_mixed_wit_uniform30,2,1008,False,6,530.0,0.0011003748430534856,7.244183848909593,lik_x2,1,train
P9_mixed_wit_uniform30,3,812,True,2,104.0,0.001839133476993859,7.206705313558849,lik_x2,1,train
P9_mixed_wit_uniform30,4,155,False,6,530.0,0.0004506393151267836,7.244183848909593,lik_x2,1,train
P9_mixed_wit_uniform30,5,1553,False,6,530.0,0.0002866147954348768,7.244183848909593,lik_x2,1,train
P9_mixed_wit_uniform30,6,864,False,6,530.0,0.00016926257168753842,7.244183848909593,lik_x2,1,train
P9_mixed_wit_uniform30,7,908,False,6,530.0,0.001329871815369145,7.244183848909593,lik_x2,1,train
P9_mixed_wit_uniform30,8,261,False,6,530.0,0.0008320214536957802,7.244183848909593,lik_x2,1,train
P9_mixed_wit_uniform30,9,659,True,5,518.0,0.0014217905585530034,7.239536593785012,lik_x2,1,train
P9_mixed_wit_uniform30,10,570,True,5,518.0,0.00036789019653620566,7.239536593785012,lik_x2,1,train
P9_mixed_wit_uniform30,11,1200,False,6,530.0,0.00044482814008835013,7.244183848909593,lik_x2,1,train
P10_mixed_wit_uniform50_temp2,0,901,False,7,527.0,0.0005069902098039723,7.331751513729495,lik_x2,1,train
P10_mixed_wit_uniform50_temp2,1,619,True,4,337.0,0.001859811333915909,7.330964029748575,lik_x2,1,train
P10_mixed_wit_uniform50_temp2,2,1008,False,7,527.0,0.0009286972202678348,7.331751513729495,lik_x2,1,train
P10_mixed_wit_uniform50_temp2,3,812,True,2,104.0,0.0014729055722226315,7.331212209804731,lik_x2,1,train
P10_mixed_wit_uniform50_temp2,4,155,False,7,527.0,0.0004946838584005192,7.331751513729495,lik_x2,1,train
P10_mixed_wit_uniform50_temp2,5,1553,False,7,527.0,0.0003851179963530506,7.331751513729495,lik_x2,1,train
P10_mixed_wit_uniform50_temp2,6,864,False,7,527.0,0.0003004382671134311,7.331751513729495,lik_x2,1,train
P10_mixed_wit_uniform50_temp2,7,908,False,7,527.0,0.0010819976759331225,7.331751513729495,lik_x2,1,train
P10_mixed_wit_uniform50_temp2,8,261,False,7,527.0,0.0007494412743058254,7.331751513729495,lik_x2,1,train
P10_mixed_wit_uniform50_temp2,9,659,False,7,527.0,0.00011483763887593009,7.331751513729495,lik_x2,1,train
P10_mixed_wit_uniform50_temp2,10,570,True,4,337.0,0.001787215155650768,7.330964029748575,lik_x2,1,train
P10_mixed_wit_uniform50_temp2,11,1200,False,7,527.0,0.0004908020826526575,7.331751513729495,lik_x2,1,train
EB_r01_bw1.75_u05,0,901,False,10,529.0,0.00014486138071201265,6.006936889938616,lik_x2,1,train
EB_r01_bw1.75_u05,1,619,False,10,529.0,0.011445300860319968,6.006936889938616,lik_x2,1,train
EB_r01_bw1.75_u05,2,1008,False,10,529.0,0.00046081193557022247,6.006936889938616,lik_x2,1,train
EB_r01_bw1.75_u05,3,812,True,3,512.0,0.0024755124727487364,5.637138668522682,lik_x2,1,train
EB_r01_bw1.75_u05,4,155,False,10,529.0,0.00014483712636109467,6.006936889938616,lik_x2,1,train
EB_r01_bw1.75_u05,5,1553,False,10,529.0,0.00014483682820821094,6.006936889938616,lik_x2,1,train
EB_r01_bw1.75_u05,6,864,True,2,336.0,0.008938265384365911,5.401907780542315,lik_x2,1,train
EB_r01_bw1.75_u05,7,908,False,10,529.0,6.900191658484421e-05,6.006936889938616,lik_x2,1,train
EB_r01_bw1.75_u05,8,261,False,10,529.0,0.00014559258102731746,6.006936889938616,lik_x2,1,train
EB_r01_bw1.75_u05,9,659,True,2,336.0,0.004667416263278882,5.401907780542315,lik_x2,1,train
EB_r01_bw1.75_u05,10,570,True,2,336.0,0.013432352837348815,5.401907780542315,lik_x2,1,train
EB_r01_bw1.75_u05,11,1200,False,10,529.0,0.00014483682820853847,6.006936889938616,lik_x2,1,train
EB_r01_bw2.5_u10,0,901,False,9,530.0,0.0001801290395804849,6.467460703935849,lik_x2,1,train
EB_r01_bw2.5_u10,1,619,False,9,530.0,0.0012328916468562412,6.467460703935849,lik_x2,1,train
EB_r01_bw2.5_u10,2,1008,False,9,530.0,0.0018309317811952349,6.467460703935849,lik_x2,1,train
EB_r01_bw2.5_u10,3,812,True,1,16.0,0.008828434735451135,5.891808947678978,lik_x2,1,train
EB_r01_bw2.5_u10,4,155,False,9,530.0,0.00016982433993107258,6.467460703935849,lik_x2,1,train
EB_r01_bw2.5_u10,5,1553,False,9,530.0,0.000168562825659626,6.467460703935849,lik_x2,1,train
EB_r01_bw2.5_u10,6,864,False,9,530.0,0.0007775369657852779,6.467460703935849,lik_x2,1,train
EB_r01_bw2.5_u10,7,908,True,3,454.0,0.0033588894885315324,6.099082954240905,lik_x2,1,train
EB_r01_bw2.5_u10,8,261,False,9,530.0,0.0002308514110200637,6.467460703935849,lik_x2,1,train
EB_r01_bw2.5_u10,9,659,True,2,304.0,0.006393395477368229,5.944711389134149,lik_x2,1,train
EB_r01_bw2.5_u10,10,570,True,5,518.0,0.000545582507366026,6.363517536749656,lik_x2,1,train
EB_r01_bw2.5_u10,11,1200,False,9,530.0,0.00016856496576472775,6.467460703935849,lik_x2,1,train
EB_r01_bw3.5_u15,0,901,False,5,527.0,0.000288770808655019,6.620623629814233,lik_x2,1,train
EB_r01_bw3.5_u15,1,619,True,4,392.0,0.006335605863177956,6.464911745654726,lik_x2,1,train
EB_r01_bw3.5_u15,2,1008,False,5,527.0,0.0023953628637846842,6.620623629814233,lik_x2,1,train
EB_r01_bw3.5_u15,3,812,True,1,32.0,0.005373089109800137,6.380963362220859,lik_x2,1,train
EB_r01_bw3.5_u15,4,155,False,5,527.0,0.00019069906692786997,6.620623629814233,lik_x2,1,train
EB_r01_bw3.5_u15,5,1553,False,5,527.0,0.00015495092174080242,6.620623629814233,lik_x2,1,train
EB_r01_bw3.5_u15,6,864,True,2,104.0,0.005283070616484753,6.41282845054064,lik_x2,1,train
EB_r01_bw3.5_u15,7,908,False,5,527.0,0.001207312430505423,6.620623629814233,lik_x2,1,train
EB_r01_bw3.5_u15,8,261,False,5,527.0,0.0005125044933909686,6.620623629814233,lik_x2,1,train
EB_r01_bw3.5_u15,9,659,True,3,212.0,0.00041817744517019925,6.432183614448793,lik_x2,1,train
EB_r01_bw3.5_u15,10,570,True,4,392.0,0.005954058100978003,6.464911745654726,lik_x2,1,train
EB_r01_bw3.5_u15,11,1200,False,5,527.0,0.00015697645519138897,6.620623629814233,lik_x2,1,train
EB_r01_bw4.5_u20,0,901,False,11,530.0,0.0005433652377374198,6.897280485843199,lik_x2,1,train
EB_r01_bw4.5_u20,1,619,True,6,395.0,0.004473310749775235,6.827689965387843,lik_x2,1,train
EB_r01_bw4.5_u20,2,1008,False,11,530.0,0.0007070107534074736,6.897280485843199,lik_x2,1,train
EB_r01_bw4.5_u20,3,812,True,4,206.0,0.00023784330578074183,6.780400469224761,lik_x2,1,train
EB_r01_bw4.5_u20,4,155,False,11,530.0,0.00032089120934991226,6.897280485843199,lik_x2,1,train
EB_r01_bw4.5_u20,5,1553,False,11,530.0,0.00018934048706697166,6.897280485843199,lik_x2,1,train
EB_r01_bw4.5_u20,6,864,True,2,42.0,0.0036389415845010536,6.72888325442783,lik_x2,1,train
EB_r01_bw4.5_u20,7,908,True,3,98.0,0.0022671609961443014,6.75295610640194,lik_x2,1,train
EB_r01_bw4.5_u20,8,261,False,11,530.0,0.0009653675143909224,6.897280485843199,lik_x2,1,train
EB_r01_bw4.5_u20,9,659,True,3,98.0,0.0009263586122770594,6.75295610640194,lik_x2,1,train
EB_r01_bw4.5_u20,10,570,True,6,395.0,0.004048137307615455,6.827689965387843,lik_x2,1,train
EB_r01_bw4.5_u20,11,1200,False,11,530.0,0.00021835927606671693,6.897280485843199,lik_x2,1,train
P3_quadratic_nowit_informative,0,901,False,12,506.0,0.0014185983780232176,6.760588409927636,explore_x1_5,1,train
P3_quadratic_nowit_informative,1,619,False,12,506.0,0.004086699816813324,6.760588409927636,explore_x1_5,1,train
P3_quadratic_nowit_informative,2,1008,False,12,506.0,0.001392575537591443,6.760588409927636,explore_x1_5,1,train
P3_quadratic_nowit_informative,3,812,True,1,16.0,0.0040041666689597565,6.580665615539849,explore_x1_5,1,train
P3_quadratic_nowit_informative,4,155,False,12,506.0,0.000585509937394738,6.760588409927636,explore_x1_5,1,train
P3_quadratic_nowit_informative,5,1553,False,12,506.0,0.00020489007242776767,6.760588409927636,explore_x1_5,1,train
P3_quadratic_nowit_informative,6,864,False,12,506.0,0.0014333246240870188,6.760588409927636,explore_x1_5,1,train
P3_quadratic_nowit_informative,7,908,True,6,370.0,0.0005981648467840953,6.706384975469869,explore_x1_5,1,train
P3_quadratic_nowit_informative,8,261,False,12,506.0,0.0016009999221189904,6.760588409927636,explore_x1_5,1,train
P3_quadratic_nowit_informative,9,659,True,1,16.0,0.0033750666122464253,6.580665615539849,explore_x1_5,1,train
P3_quadratic_nowit_informative,10,570,False,12,506.0,0.003512504548584255,6.760588409927636,explore_x1_5,1,train
P3_quadratic_nowit_informative,11,1200,False,12,506.0,0.0010483170420304338,6.760588409927636,explore_x1_5,1,train
P4_quadratic_wit_informative,0,901,False,12,506.0,0.0014185983780232176,6.760588409927636,explore_x1_5,1,train
P4_quadratic_wit_informative,1,619,False,12,506.0,0.004086699816813324,6.760588409927636,explore_x1_5,1,train
P4_quadratic_wit_informative,2,1008,True,6,370.0,0.0028657760846388584,6.706384975469869,explore_x1_5,1,train
P4_quadratic_wit_informative,3,812,False,12,506.0,0.00036614525278416866,6.760588409927636,explore_x1_5,1,train
P4_quadratic_wit_informative,4,155,False,12,506.0,0.000585509937394738,6.760588409927636,explore_x1_5,1,train
P4_quadratic_wit_informative,5,1553,False,12,506.0,0.00020489007242776767,6.760588409927636,explore_x1_5,1,train
P4_quadratic_wit_informative,6,864,False,12,506.0,0.0014333246240870188,6.760588409927636,explore_x1_5,1,train
P4_quadratic_wit_informative,7,908,True,5,238.0,0.0014489351141205424,6.702191754733543,explore_x1_5,1,train
P4_quadratic_wit_informative,8,261,False,12,506.0,0.0016009999221189904,6.760588409927636,explore_x1_5,1,train
P4_quadratic_wit_informative,9,659,True,6,370.0,0.0001284575445772934,6.706384975469869,explore_x1_5,1,train
P4_quadratic_wit_informative,10,570,False,12,506.0,0.003512504548584255,6.760588409927636,explore_x1_5,1,train
P4_quadratic_wit_informative,11,1200,False,12,506.0,0.0010483170420304338,6.760588409927636,explore_x1_5,1,train
P5_mixed_nowit_informative,0,901,False,9,530.0,0.001516820958163412,6.856715631119378,explore_x1_5,1,train
P5_mixed_nowit_informative,1,619,False,9,530.0,0.003138981877012202,6.856715631119378,explore_x1_5,1,train
P5_mixed_nowit_informative,2,1008,False,9,530.0,0.0011122648193924636,6.856715631119378,explore_x1_5,1,train
P5_mixed_nowit_informative,3,812,True,1,16.0,0.003095221121495035,6.774561365820095,explore_x1_5,1,train
P5_mixed_nowit_informative,4,155,False,9,530.0,0.000861017782476409,6.856715631119378,explore_x1_5,1,train
P5_mixed_nowit_informative,5,1553,False,9,530.0,0.0003606849500573542,6.856715631119378,explore_x1_5,1,train
P5_mixed_nowit_informative,6,864,False,9,530.0,0.0001486993370228566,6.856715631119378,explore_x1_5,1,train
P5_mixed_nowit_informative,7,908,True,3,244.0,0.0026976828479900617,6.814902716963635,explore_x1_5,1,train
P5_mixed_nowit_informative,8,261,False,9,530.0,0.0014930517346193586,6.856715631119378,explore_x1_5,1,train
P5_mixed_nowit_informative,9,659,True,1,16.0,0.00267529957753668,6.774561365820095,explore_x1_5,1,train
P5_mixed_nowit_informative,10,570,False,9,530.0,0.0028023544164240423,6.856715631119378,explore_x1_5,1,train
P5_mixed_nowit_informative,11,1200,False,9,530.0,0.001470224305510694,6.856715631119378,explore_x1_5,1,train
P6_mixed_wit_informative,0,901,False,7,527.0,0.00038478642935198,7.017784016730726,explore_x1_5,1,train
P6_mixed_wit_informative,1,619,True,3,205.0,0.003082227886551443,6.948711787987141,explore_x1_5,1,train
P6_mixed_wit_informative,2,1008,False,7,527.0,0.0013502098910828128,7.017784016730726,explore_x1_5,1,train
P6_mixed_wit_informative,3,812,True,2,100.0,0.002359696763678872,6.923676544198569,explore_x1_5,1,train
P6_mixed_wit_informative,4,155,False,7,527.0,0.0003566132188565477,7.017784016730726,explore_x1_5,1,train
P6_mixed_wit_informative,5,1553,False,7,527.0,0.00010578159595078065,7.017784016730726,explore_x1_5,1,train
P6_mixed_wit_informative,6,864,True,5,315.0,0.0013896262424348948,6.980084634308104,explore_x1_5,1,train
P6_mixed_wit_informative,7,908,False,7,527.0,0.001701164115036788,7.017784016730726,explore_x1_5,1,train
P6_mixed_wit_informative,8,261,False,7,527.0,0.0009398351721609697,7.017784016730726,explore_x1_5,1,train
P6_mixed_wit_informative,9,659,True,5,315.0,0.001801281086801354,6.980084634308104,explore_x1_5,1,train
P6_mixed_wit_informative,10,570,True,3,205.0,0.0029375675863186077,6.948711787987141,explore_x1_5,1,train
P6_mixed_wit_informative,11,1200,False,7,527.0,0.0003477265812451853,7.017784016730726,explore_x1_5,1,train
P7_mixed_wit_weak,0,901,False,10,527.0,0.0007549407745851586,6.784807002465806,explore_x1_5,1,train
P7_mixed_wit_weak,1,619,False,10,527.0,0.004971967429257605,6.784807002465806,explore_x1_5,1,train
P7_mixed_wit_weak,2,1008,False,10,527.0,0.0025809828673539217,6.784807002465806,explore_x1_5,1,train
P7_mixed_wit_weak,3,812,False,10,527.0,4.623898228789415e-05,6.784807002465806,explore_x1_5,1,train
P7_mixed_wit_weak,4,155,False,10,527.0,0.0006888185359924704,6.784807002465806,explore_x1_5,1,train
P7_mixed_wit_weak,5,1553,False,10,527.0,0.00016560018455680675,6.784807002465806,explore_x1_5,1,train
P7_mixed_wit_weak,6,864,True,4,410.0,0.0011731119324951862,6.701486167385601,explore_x1_5,1,train
P7_mixed_wit_weak,7,908,True,4,410.0,0.0030962067681436787,6.701486167385601,explore_x1_5,1,train
P7_mixed_wit_weak,8,261,False,10,527.0,0.0010846637525980393,6.784807002465806,explore_x1_5,1,train
P7_mixed_wit_weak,9,659,True,3,212.0,0.002995529784090946,6.6623797459506235,explore_x1_5,1,train
P7_mixed_wit_weak,10,570,False,10,527.0,0.004218563854188232,6.784807002465806,explore_x1_5,1,train
P7_mixed_wit_weak,11,1200,False,10,527.0,0.0015017969369389677,6.784807002465806,explore_x1_5,1,train
P8_mixed_wit_vague,0,901,False,9,530.0,0.0011738492063482638,6.491958441364889,explore_x1_5,1,train
P8_mixed_wit_vague,1,619,False,9,530.0,0.004598772622613319,6.491958441364889,explore_x1_5,1,train
P8_mixed_wit_vague,2,1008,False,9,530.0,0.003299950639176689,6.491958441364889,explore_x1_5,1,train
P8_mixed_wit_vague,3,812,True,2,320.0,0.007253947852923518,6.365258520179754,explore_x1_5,1,train
P8_mixed_wit_vague,4,155,True,2,320.0,0.0003574235546855078,6.365258520179754,explore_x1_5,1,train
P8_mixed_wit_vague,5,1553,False,9,530.0,0.00014788653551096358,6.491958441364889,explore_x1_5,1,train
P8_mixed_wit_vague,6,864,False,9,530.0,0.001658496310366549,6.491958441364889,explore_x1_5,1,train
P8_mixed_wit_vague,7,908,True,7,520.0,0.0009268502013662006,6.472983442672398,explore_x1_5,1,train
P8_mixed_wit_vague,8,261,False,9,530.0,0.0005099049476660447,6.491958441364889,explore_x1_5,1,train
P8_mixed_wit_vague,9,659,False,9,530.0,0.00039301964134789367,6.491958441364889,explore_x1_5,1,train
P8_mixed_wit_vague,10,570,False,9,530.0,0.003446985387348353,6.491958441364889,explore_x1_5,1,train
P8_mixed_wit_vague,11,1200,True,6,496.0,0.0013099776327158126,6.471128860746412,explore_x1_5,1,train
P9_mixed_wit_uniform30,0,901,False,6,530.0,0.0004611165822147223,7.258053366090662,explore_x1_5,1,train
P9_mixed_wit_uniform30,1,619,True,4,258.0,0.002352914077173148,7.2276058905490945,explore_x1_5,1,train
P9_mixed_wit_uniform30,2,1008,False,6,530.0,0.001081734679735013,7.258053366090662,explore_x1_5,1,train
P9_mixed_wit_uniform30,3,812,True,2,104.0,0.001833132299764934,7.208135560332801,explore_x1_5,1,train
P9_mixed_wit_uniform30,4,155,False,6,530.0,0.00044300556151571555,7.258053366090662,explore_x1_5,1,train
P9_mixed_wit_uniform30,5,1553,False,6,530.0,0.0002817595893838447,7.258053366090662,explore_x1_5,1,train
P9_mixed_wit_uniform30,6,864,False,6,530.0,0.00031541894098223515,7.258053366090662,explore_x1_5,1,train
P9_mixed_wit_uniform30,7,908,False,6,530.0,0.0013073440122413254,7.258053366090662,explore_x1_5,1,train
P9_mixed_wit_uniform30,8,261,False,6,530.0,0.0008179271513048553,7.258053366090662,explore_x1_5,1,train
P9_mixed_wit_uniform30,9,659,True,5,518.0,0.0014043088413465544,7.246630730795049,explore_x1_5,1,train
P9_mixed_wit_uniform30,10,570,True,5,518.0,0.0005789596271628713,7.246630730795049,explore_x1_5,1,train
P9_mixed_wit_uniform30,11,1200,False,6,530.0,0.00043729282679738976,7.258053366090662,explore_x1_5,1,train
P10_mixed_wit_uniform50_temp2,0,901,False,7,527.0,0.0005021498005574163,7.34380682808229,explore_x1_5,1,train
P10_mixed_wit_uniform50_temp2,1,619,True,4,337.0,0.0018487306599869293,7.3374231519631765,explore_x1_5,1,train
P10_mixed_wit_uniform50_temp2,2,1008,False,7,527.0,0.0009198306296999946,7.34380682808229,explore_x1_5,1,train
P10_mixed_wit_uniform50_temp2,3,812,True,2,104.0,0.0014691177312811106,7.332635749316351,explore_x1_5,1,train
P10_mixed_wit_uniform50_temp2,4,155,False,7,527.0,0.0004899609421074221,7.34380682808229,explore_x1_5,1,train
P10_mixed_wit_uniform50_temp2,5,1553,False,7,527.0,0.00038144114288622883,7.34380682808229,explore_x1_5,1,train
P10_mixed_wit_uniform50_temp2,6,864,False,7,527.0,0.00045577810588840487,7.34380682808229,explore_x1_5,1,train
P10_mixed_wit_uniform50_temp2,7,908,False,7,527.0,0.0010716674733886513,7.34380682808229,explore_x1_5,1,train
P10_mixed_wit_uniform50_temp2,8,261,False,7,527.0,0.0007422861016737871,7.34380682808229,explore_x1_5,1,train
P10_mixed_wit_uniform50_temp2,9,659,False,7,527.0,0.00020609400373777938,7.34380682808229,explore_x1_5,1,train
P10_mixed_wit_uniform50_temp2,10,570,True,4,337.0,0.0017765670065511495,7.3374231519631765,explore_x1_5,1,train
P10_mixed_wit_uniform50_temp2,11,1200,False,7,527.0,0.00048611622700266485,7.34380682808229,explore_x1_5,1,train
EB_r01_bw1.75_u05,0,901,False,10,529.0,0.000112787802314102,5.8832557277063104,explore_x1_5,1,train
EB_r01_bw1.75_u05,1,619,False,10,529.0,0.014767765760026662,5.8832557277063104,explore_x1_5,1,train
EB_r01_bw1.75_u05,2,1008,False,10,529.0,0.00035878413720492024,5.8832557277063104,explore_x1_5,1,train
EB_r01_bw1.75_u05,3,812,True,3,512.0,0.004330099365188982,5.625977513542738,explore_x1_5,1,train
EB_r01_bw1.75_u05,4,155,False,10,529.0,0.00011276891808889881,5.8832557277063104,explore_x1_5,1,train
EB_r01_bw1.75_u05,5,1553,False,10,529.0,0.0001127686859496748,5.8832557277063104,explore_x1_5,1,train
EB_r01_bw1.75_u05,6,864,True,2,336.0,0.010224128677233086,5.382066018596291,explore_x1_5,1,train
EB_r01_bw1.75_u05,7,908,False,10,529.0,0.00013670685696426932,5.8832557277063104,explore_x1_5,1,train
EB_r01_bw1.75_u05,8,261,False,10,529.0,0.00011335710847568383,5.8832557277063104,explore_x1_5,1,train
EB_r01_bw1.75_u05,9,659,True,2,336.0,0.005806855809860216,5.382066018596291,explore_x1_5,1,train
EB_r01_bw1.75_u05,10,570,True,2,336.0,0.01450030915637099,5.382066018596291,explore_x1_5,1,train
EB_r01_bw1.75_u05,11,1200,False,10,529.0,0.00011276868594992988,5.8832557277063104,explore_x1_5,1,train
EB_r01_bw2.5_u10,0,901,False,9,530.0,0.00016023124670107875,6.45694721684502,explore_x1_5,1,train
EB_r01_bw2.5_u10,1,619,False,9,530.0,0.0023396747592991066,6.45694721684502,explore_x1_5,1,train
EB_r01_bw2.5_u10,2,1008,False,9,530.0,0.001628679543336238,6.45694721684502,explore_x1_5,1,train
EB_r01_bw2.5_u10,3,812,True,1,16.0,0.008828434735451135,5.891808947678978,explore_x1_5,1,train
EB_r01_bw2.5_u10,4,155,False,9,530.0,0.0001510648464607237,6.45694721684502,explore_x1_5,1,train
EB_r01_bw2.5_u10,5,1553,False,9,530.0,0.00014994268423237963,6.45694721684502,explore_x1_5,1,train
EB_r01_bw2.5_u10,6,864,False,9,530.0,0.0016226075877379762,6.45694721684502,explore_x1_5,1,train
EB_r01_bw2.5_u10,7,908,True,3,454.0,0.0031605027225952024,6.132316559118833,explore_x1_5,1,train
EB_r01_bw2.5_u10,8,261,False,9,530.0,0.00020535061684998513,6.45694721684502,explore_x1_5,1,train
EB_r01_bw2.5_u10,9,659,True,2,304.0,0.0063067916273875,5.9410804123104395,explore_x1_5,1,train
EB_r01_bw2.5_u10,10,570,True,5,518.0,0.001244443863482874,6.3572023686423496,explore_x1_5,1,train
EB_r01_bw2.5_u10,11,1200,False,9,530.0,0.0001499445879326898,6.45694721684502,explore_x1_5,1,train
EB_r01_bw3.5_u15,0,901,False,6,527.0,0.00027050885496694027,6.616355714595311,explore_x1_5,1,train
EB_r01_bw3.5_u15,1,619,True,4,443.0,0.0063486223638543875,6.472938259705579,explore_x1_5,1,train
EB_r01_bw3.5_u15,2,1008,False,6,527.0,0.0022438793884004445,6.616355714595311,explore_x1_5,1,train
EB_r01_bw3.5_u15,3,812,True,1,32.0,0.005373089109800137,6.380963362220859,explore_x1_5,1,train
EB_r01_bw3.5_u15,4,155,False,6,527.0,0.00017863919998765927,6.616355714595311,explore_x1_5,1,train
EB_r01_bw3.5_u15,5,1553,False,6,527.0,0.00014515177836500452,6.616355714595311,explore_x1_5,1,train
EB_r01_bw3.5_u15,6,864,True,2,137.0,0.005243831950908382,6.416902518723556,explore_x1_5,1,train
EB_r01_bw3.5_u15,7,908,True,5,515.0,0.0005620417352507197,6.587051365532036,explore_x1_5,1,train
EB_r01_bw3.5_u15,8,261,False,6,527.0,0.0004800935534942728,6.616355714595311,explore_x1_5,1,train
EB_r01_bw3.5_u15,9,659,True,3,263.0,0.00031090398435401157,6.4364253364001,explore_x1_5,1,train
EB_r01_bw3.5_u15,10,570,True,4,443.0,0.005966290711871511,6.472938259705579,explore_x1_5,1,train
EB_r01_bw3.5_u15,11,1200,False,6,527.0,0.00014704921646467744,6.616355714595311,explore_x1_5,1,train
EB_r01_bw4.5_u20,0,901,False,12,525.0,0.000542671757580163,6.958953547955103,explore_x1_5,1,train
EB_r01_bw4.5_u20,1,619,True,6,444.0,0.004297435683302449,6.850323475331996,explore_x1_5,1,train
EB_r01_bw4.5_u20,2,1008,False,12,525.0,0.0009625583510784534,6.958953547955103,explore_x1_5,1,train
EB_r01_bw4.5_u20,3,812,True,4,188.0,0.00048201916367168263,6.7842419085562025,explore_x1_5,1,train
EB_r01_bw4.5_u20,4,155,False,12,525.0,0.0003204816658773689,6.958953547955103,explore_x1_5,1,train
EB_r01_bw4.5_u20,5,1553,False,12,525.0,0.00018909883769077483,6.958953547955103,explore_x1_5,1,train
EB_r01_bw4.5_u20,6,864,True,2,42.0,0.00362215468571574,6.727727197688041,explore_x1_5,1,train
EB_r01_bw4.5_u20,7,908,True,3,98.0,0.0022429133205972398,6.75338383441788,explore_x1_5,1,train
EB_r01_bw4.5_u20,8,261,False,12,525.0,0.0009641354458499199,6.958953547955103,explore_x1_5,1,train
EB_r01_bw4.5_u20,9,659,True,3,98.0,0.001233624432809331,6.75338383441788,explore_x1_5,1,train
EB_r01_bw4.5_u20,10,570,True,6,444.0,0.003888978586504118,6.850323475331996,explore_x1_5,1,train
EB_r01_bw4.5_u20,11,1200,False,12,525.0,0.00021808059091244438,6.958953547955103,explore_x1_5,1,train
P3_quadratic_nowit_informative,0,901,False,11,527.0,0.0012435411032151729,6.762025003482057,soft_x0_75,1,train
P3_quadratic_nowit_informative,1,619,False,11,527.0,0.0035823946209433103,6.762025003482057,soft_x0_75,1,train
P3_quadratic_nowit_informative,2,1008,False,11,527.0,0.0012207295222908979,6.762025003482057,soft_x0_75,1,train
P3_quadratic_nowit_informative,3,812,True,1,16.0,0.0040041666689597565,6.580665615539849,soft_x0_75,1,train
P3_quadratic_nowit_informative,4,155,False,11,527.0,0.0005132570886665587,6.762025003482057,soft_x0_75,1,train
P3_quadratic_nowit_informative,5,1553,False,11,527.0,0.00017960631469190422,6.762025003482057,soft_x0_75,1,train
P3_quadratic_nowit_informative,6,864,True,5,438.0,0.001958843364879976,6.690571992067182,soft_x0_75,1,train
P3_quadratic_nowit_informative,7,908,True,5,438.0,0.002154776778631982,6.690571992067182,soft_x0_75,1,train
P3_quadratic_nowit_informative,8,261,False,11,527.0,0.0014034340094012652,6.762025003482057,soft_x0_75,1,train
P3_quadratic_nowit_informative,9,659,True,1,16.0,0.0033750666122464253,6.580665615539849,soft_x0_75,1,train
P3_quadratic_nowit_informative,10,570,False,11,527.0,0.0030790559534414528,6.762025003482057,soft_x0_75,1,train
P3_quadratic_nowit_informative,11,1200,False,11,527.0,0.0009189530674512414,6.762025003482057,soft_x0_75,1,train
P4_quadratic_wit_informative,0,901,False,11,527.0,0.0012435411032151729,6.762025003482057,soft_x0_75,1,train
P4_quadratic_wit_informative,1,619,False,11,527.0,0.0035823946209433103,6.762025003482057,soft_x0_75,1,train
P4_quadratic_wit_informative,2,1008,True,7,489.0,0.002952136743867813,6.748156196677739,soft_x0_75,1,train
P4_quadratic_wit_informative,3,812,False,11,527.0,0.0006623233257139243,6.762025003482057,soft_x0_75,1,train
P4_quadratic_wit_informative,4,155,False,11,527.0,0.0005132570886665587,6.762025003482057,soft_x0_75,1,train
P4_quadratic_wit_informative,5,1553,False,11,527.0,0.00017960631469190422,6.762025003482057,soft_x0_75,1,train
P4_quadratic_wit_informative,6,864,False,11,527.0,0.0012564501073129906,6.762025003482057,soft_x0_75,1,train
P4_quadratic_wit_informative,7,908,True,5,438.0,0.002154776778631982,6.690571992067182,soft_x0_75,1,train
P4_quadratic_wit_informative,8,261,False,11,527.0,0.0014034340094012652,6.762025003482057,soft_x0_75,1,train
P4_quadratic_wit_informative,9,659,True,5,438.0,0.0006781936372674717,6.690571992067182,soft_x0_75,1,train
P4_quadratic_wit_informative,10,570,False,11,527.0,0.0030790559534414528,6.762025003482057,soft_x0_75,1,train
P4_quadratic_wit_informative,11,1200,False,11,527.0,0.0009189530674512414,6.762025003482057,soft_x0_75,1,train
P5_mixed_nowit_informative,0,901,False,11,527.0,0.0013738105148771759,6.887410271856975,soft_x0_75,1,train
P5_mixed_nowit_informative,1,619,False,11,527.0,0.002843029222031405,6.887410271856975,soft_x0_75,1,train
P5_mixed_nowit_informative,2,1008,False,11,527.0,0.0016033717681866622,6.887410271856975,soft_x0_75,1,train
P5_mixed_nowit_informative,3,812,True,1,16.0,0.003095221121495035,6.774561365820095,soft_x0_75,1,train
P5_mixed_nowit_informative,4,155,False,11,527.0,0.0007798384355755221,6.887410271856975,soft_x0_75,1,train
P5_mixed_nowit_informative,5,1553,False,11,527.0,0.0003266784878465262,6.887410271856975,soft_x0_75,1,train
P5_mixed_nowit_informative,6,864,False,11,527.0,0.0006662978049808445,6.887410271856975,soft_x0_75,1,train
P5_mixed_nowit_informative,7,908,True,3,244.0,0.002614009960301302,6.821654420922476,soft_x0_75,1,train
P5_mixed_nowit_informative,8,261,False,11,527.0,0.001352282325238483,6.887410271856975,soft_x0_75,1,train
P5_mixed_nowit_informative,9,659,True,1,16.0,0.00267529957753668,6.774561365820095,soft_x0_75,1,train
P5_mixed_nowit_informative,10,570,False,11,527.0,0.002538140011170044,6.887410271856975,soft_x0_75,1,train
P5_mixed_nowit_informative,11,1200,False,11,527.0,0.0013316071348224237,6.887410271856975,soft_x0_75,1,train
P6_mixed_wit_informative,0,901,False,10,527.0,0.00035698360725658053,7.036940211384248,soft_x0_75,1,train
P6_mixed_wit_informative,1,619,True,5,438.0,0.003139336635267227,6.971015345190576,soft_x0_75,1,train
P6_mixed_wit_informative,2,1008,False,10,527.0,0.0012526501994470024,7.036940211384248,soft_x0_75,1,train
P6_mixed_wit_informative,3,812,True,2,52.0,0.0023386858210314933,6.918717560892937,soft_x0_75,1,train
P6_mixed_wit_informative,4,155,False,10,527.0,0.0003308460578435309,7.036940211384248,soft_x0_75,1,train
P6_mixed_wit_informative,5,1553,False,10,527.0,9.8138325115736e-05,7.036940211384248,soft_x0_75,1,train
P6_mixed_wit_informative,6,864,True,5,438.0,0.0017899261674605017,6.971015345190576,soft_x0_75,1,train
P6_mixed_wit_informative,7,908,False,10,527.0,0.00157824615422123,7.036940211384248,soft_x0_75,1,train
P6_mixed_wit_informative,8,261,False,10,527.0,0.0008719271897131581,7.036940211384248,soft_x0_75,1,train
P6_mixed_wit_informative,9,659,True,4,196.0,0.0016256829998150435,6.954998105185183,soft_x0_75,1,train
P6_mixed_wit_informative,10,570,True,5,438.0,0.0029919960112428923,6.971015345190576,soft_x0_75,1,train
P6_mixed_wit_informative,11,1200,False,10,527.0,0.0003226015260490266,7.036940211384248,soft_x0_75,1,train
P7_mixed_wit_weak,0,901,False,10,527.0,0.0006785367743534827,6.794899771887232,soft_x0_75,1,train
P7_mixed_wit_weak,1,619,False,10,527.0,0.004468778022346009,6.794899771887232,soft_x0_75,1,train
P7_mixed_wit_weak,2,1008,False,10,527.0,0.0023197737470707818,6.794899771887232,soft_x0_75,1,train
P7_mixed_wit_weak,3,812,False,10,527.0,0.0005245955752005999,6.794899771887232,soft_x0_75,1,train
P7_mixed_wit_weak,4,155,False,10,527.0,0.0006191064561111431,6.794899771887232,soft_x0_75,1,train
P7_mixed_wit_weak,5,1553,False,10,527.0,0.00014884056980928365,6.794899771887232,soft_x0_75,1,train
P7_mixed_wit_weak,6,864,True,4,410.0,0.0020859699101282367,6.7100579818690544,soft_x0_75,1,train
P7_mixed_wit_weak,7,908,True,4,410.0,0.0029043691082344483,6.7100579818690544,soft_x0_75,1,train
P7_mixed_wit_weak,8,261,False,10,527.0,0.0009748900426665148,6.794899771887232,soft_x0_75,1,train
P7_mixed_wit_weak,9,659,True,3,212.0,0.0028643504788752458,6.651833657981896,soft_x0_75,1,train
P7_mixed_wit_weak,10,570,False,10,527.0,0.0037916228747851117,6.794899771887232,soft_x0_75,1,train
P7_mixed_wit_weak,11,1200,False,10,527.0,0.0013498071420032433,6.794899771887232,soft_x0_75,1,train
P8_mixed_wit_vague,0,901,False,12,524.0,0.000966434378145766,6.523048993993846,soft_x0_75,1,train
P8_mixed_wit_vague,1,619,False,12,524.0,0.0037861864502981863,6.523048993993846,soft_x0_75,1,train
P8_mixed_wit_vague,2,1008,False,12,524.0,0.002716861524152415,6.523048993993846,soft_x0_75,1,train
P8_mixed_wit_vague,3,812,True,2,320.0,0.007040320029608236,6.362552360556643,soft_x0_75,1,train
P8_mixed_wit_vague,4,155,True,2,320.0,0.00034689747736358403,6.362552360556643,soft_x0_75,1,train
P8_mixed_wit_vague,5,1553,False,12,524.0,0.00012175552976458436,6.523048993993846,soft_x0_75,1,train
P8_mixed_wit_vague,6,864,False,12,524.0,0.0025883398774460536,6.523048993993846,soft_x0_75,1,train
P8_mixed_wit_vague,7,908,True,7,508.0,0.001959783648051155,6.500961029405085,soft_x0_75,1,train
P8_mixed_wit_vague,8,261,False,12,524.0,0.0006227189453838794,6.523048993993846,soft_x0_75,1,train
P8_mixed_wit_vague,9,659,False,12,524.0,0.0012325538993445428,6.523048993993846,soft_x0_75,1,train
P8_mixed_wit_vague,10,570,False,12,524.0,0.0028379157742610475,6.523048993993846,soft_x0_75,1,train
P8_mixed_wit_vague,11,1200,True,6,496.0,0.0021408471918485,6.498842629721049,soft_x0_75,1,train
P9_mixed_wit_uniform30,0,901,False,8,528.0,0.0004366715981144564,7.273555669237598,soft_x0_75,1,train
P9_mixed_wit_uniform30,1,619,True,5,338.0,0.002368535233247088,7.245559788702584,soft_x0_75,1,train
P9_mixed_wit_uniform30,2,1008,False,8,528.0,0.0010243891231735379,7.273555669237598,soft_x0_75,1,train
P9_mixed_wit_uniform30,3,812,True,2,104.0,0.001817642546844455,7.207178095814474,soft_x0_75,1,train
P9_mixed_wit_uniform30,4,155,False,8,528.0,0.00041952068952180776,7.273555669237598,soft_x0_75,1,train
P9_mixed_wit_uniform30,5,1553,False,8,528.0,0.00026682278392457315,7.273555669237598,soft_x0_75,1,train
P9_mixed_wit_uniform30,6,864,False,8,528.0,0.0010733106598490136,7.273555669237598,soft_x0_75,1,train
P9_mixed_wit_uniform30,7,908,False,8,528.0,0.001238038320740655,7.273555669237598,soft_x0_75,1,train
P9_mixed_wit_uniform30,8,261,False,8,528.0,0.0007745667149640246,7.273555669237598,soft_x0_75,1,train
P9_mixed_wit_uniform30,9,659,True,4,268.0,0.001316033140563585,7.231877450991267,soft_x0_75,1,train
P9_mixed_wit_uniform30,10,570,True,6,410.0,0.0014567006584623606,7.263881855866352,soft_x0_75,1,train
P9_mixed_wit_uniform30,11,1200,False,8,528.0,0.00041411080166422104,7.273555669237598,soft_x0_75,1,train
P10_mixed_wit_uniform50_temp2,0,901,False,7,527.0,0.00048486312228540384,7.367072367849783,soft_x0_75,1,train
P10_mixed_wit_uniform50_temp2,1,619,True,4,337.0,0.0018116841713661208,7.348971899746547,soft_x0_75,1,train
P10_mixed_wit_uniform50_temp2,2,1008,False,7,527.0,0.0008881651463268746,7.367072367849783,soft_x0_75,1,train
P10_mixed_wit_uniform50_temp2,3,812,True,2,104.0,0.001459313514308457,7.332636189283168,soft_x0_75,1,train
P10_mixed_wit_uniform50_temp2,4,155,False,7,527.0,0.00047309386944770763,7.367072367849783,soft_x0_75,1,train
P10_mixed_wit_uniform50_temp2,5,1553,False,7,527.0,0.00036830990135339664,7.367072367849783,soft_x0_75,1,train
P10_mixed_wit_uniform50_temp2,6,864,False,7,527.0,0.0008342304781675371,7.367072367849783,soft_x0_75,1,train
P10_mixed_wit_uniform50_temp2,7,908,False,7,527.0,0.0010347749548483957,7.367072367849783,soft_x0_75,1,train
P10_mixed_wit_uniform50_temp2,8,261,False,7,527.0,0.0007167326492753653,7.367072367849783,soft_x0_75,1,train
P10_mixed_wit_uniform50_temp2,9,659,False,7,527.0,0.00048536928026383946,7.367072367849783,soft_x0_75,1,train
P10_mixed_wit_uniform50_temp2,10,570,True,4,337.0,0.0017409665965959396,7.348971899746547,soft_x0_75,1,train
P10_mixed_wit_uniform50_temp2,11,1200,False,7,527.0,0.00046938150997266436,7.367072367849783,soft_x0_75,1,train
EB_r01_bw1.75_u05,0,901,False,10,529.0,6.481594850804595e-05,5.614003124505313,soft_x0_75,1,train
EB_r01_bw1.75_u05,1,619,False,10,529.0,0.0181051298065931,5.614003124505313,soft_x0_75,1,train
EB_r01_bw1.75_u05,2,1008,False,10,529.0,0.00020618305956361565,5.614003124505313,soft_x0_75,1,train
EB_r01_bw1.75_u05,3,812,True,3,512.0,0.008794361424288789,5.5069652322225515,soft_x0_75,1,train
EB_r01_bw1.75_u05,4,155,False,10,529.0,6.480509627985043e-05,5.614003124505313,soft_x0_75,1,train
EB_r01_bw1.75_u05,5,1553,False,10,529.0,6.480496287602767e-05,5.614003124505313,soft_x0_75,1,train
EB_r01_bw1.75_u05,6,864,True,2,336.0,0.012248455726740305,5.330848915743657,soft_x0_75,1,train
EB_r01_bw1.75_u05,7,908,False,10,529.0,0.000318888964825012,5.614003124505313,soft_x0_75,1,train
EB_r01_bw1.75_u05,8,261,False,10,529.0,6.51431125993511e-05,5.614003124505313,soft_x0_75,1,train
EB_r01_bw1.75_u05,9,659,True,2,336.0,0.007891021747603985,5.330848915743657,soft_x0_75,1,train
EB_r01_bw1.75_u05,10,570,True,2,336.0,0.01592613728896755,5.330848915743657,soft_x0_75,1,train
EB_r01_bw1.75_u05,11,1200,False,10,529.0,6.480496287617424e-05,5.614003124505313,soft_x0_75,1,train
EB_r01_bw2.5_u10,0,901,False,12,523.0,0.0001158383602253633,6.307090299191993,soft_x0_75,1,train
EB_r01_bw2.5_u10,1,619,False,12,523.0,0.006369833882604929,6.307090299191993,soft_x0_75,1,train
EB_r01_bw2.5_u10,2,1008,False,12,523.0,0.0007397880549773313,6.307090299191993,soft_x0_75,1,train
EB_r01_bw2.5_u10,3,812,True,1,16.0,0.008828434735451135,5.891808947678978,soft_x0_75,1,train
EB_r01_bw2.5_u10,4,155,False,12,523.0,0.00010921155805741283,6.307090299191993,soft_x0_75,1,train
EB_r01_bw2.5_u10,5,1553,False,12,523.0,0.00010840029661425184,6.307090299191993,soft_x0_75,1,train
EB_r01_bw2.5_u10,6,864,False,12,523.0,0.004215141516181849,6.307090299191993,soft_x0_75,1,train
EB_r01_bw2.5_u10,7,908,True,4,410.0,0.002563697285942718,6.110786632574263,soft_x0_75,1,train
EB_r01_bw2.5_u10,8,261,False,12,523.0,0.00014845717809052652,6.307090299191993,soft_x0_75,1,train
EB_r01_bw2.5_u10,9,659,True,2,52.0,0.006135353312824014,5.925795412134079,soft_x0_75,1,train
EB_r01_bw2.5_u10,10,570,True,6,474.0,0.004627324999899871,6.2428889696130945,soft_x0_75,1,train
EB_r01_bw2.5_u10,11,1200,False,12,523.0,0.00010840167288465371,6.307090299191993,soft_x0_75,1,train
EB_r01_bw3.5_u15,0,901,False,5,527.0,0.00024021628752291522,6.629615229614169,soft_x0_75,1,train
EB_r01_bw3.5_u15,1,619,True,4,392.0,0.00586169230136714,6.494105765801644,soft_x0_75,1,train
EB_r01_bw3.5_u15,2,1008,False,5,527.0,0.0019926015967078755,6.629615229614169,soft_x0_75,1,train
EB_r01_bw3.5_u15,3,812,True,1,32.0,0.005373089109800137,6.380963362220859,soft_x0_75,1,train
EB_r01_bw3.5_u15,4,155,False,5,527.0,0.00015863453132557723,6.629615229614169,soft_x0_75,1,train
EB_r01_bw3.5_u15,5,1553,False,5,527.0,0.00012889715322055421,6.629615229614169,soft_x0_75,1,train
EB_r01_bw3.5_u15,6,864,True,2,104.0,0.0051351143525248605,6.415082924844781,soft_x0_75,1,train
EB_r01_bw3.5_u15,7,908,False,5,527.0,0.002187183357742736,6.629615229614169,soft_x0_75,1,train
EB_r01_bw3.5_u15,8,261,False,5,527.0,0.0004263309276813607,6.629615229614169,soft_x0_75,1,train
EB_r01_bw3.5_u15,9,659,True,3,212.0,0.0017548378644145607,6.453634741114723,soft_x0_75,1,train
EB_r01_bw3.5_u15,10,570,True,4,392.0,0.005508684928656381,6.494105765801644,soft_x0_75,1,train
EB_r01_bw3.5_u15,11,1200,False,5,527.0,0.0001305821092866456,6.629615229614169,soft_x0_75,1,train
EB_r01_bw4.5_u20,0,901,False,10,527.0,0.00046136978107385365,6.927760766398702,soft_x0_75,1,train
EB_r01_bw4.5_u20,1,619,True,6,514.0,0.004058095628284299,6.853055790835469,soft_x0_75,1,train
EB_r01_bw4.5_u20,2,1008,False,10,527.0,0.00207303208682539,6.927760766398702,soft_x0_75,1,train
EB_r01_bw4.5_u20,3,812,True,4,188.0,0.0013652585617865702,6.775806703666949,soft_x0_75,1,train
EB_r01_bw4.5_u20,4,155,False,10,527.0,0.000272467755984489,6.927760766398702,soft_x0_75,1,train
EB_r01_bw4.5_u20,5,1553,False,10,527.0,0.000160768435298248,6.927760766398702,soft_x0_75,1,train
EB_r01_bw4.5_u20,6,864,True,2,42.0,0.003587986487089321,6.7224237115257,soft_x0_75,1,train
EB_r01_bw4.5_u20,7,908,True,3,98.0,0.0021877290908737263,6.744896493116239,soft_x0_75,1,train
EB_r01_bw4.5_u20,8,261,False,10,527.0,0.0008196906387036571,6.927760766398702,soft_x0_75,1,train
EB_r01_bw4.5_u20,9,659,True,3,98.0,0.001879206686169886,6.744896493116239,soft_x0_75,1,train
EB_r01_bw4.5_u20,10,570,True,6,514.0,0.0036723870148199,6.853055790835469,soft_x0_75,1,train
EB_r01_bw4.5_u20,11,1200,False,10,527.0,0.0001854082013303746,6.927760766398702,soft_x0_75,1,train
